contrato;status;descricao_do_motivo;data;responsavel
DM-005/2024-A;Andamento;;2026-03-18;-
DP-026/2023;Andamento;;2026-03-04;-
DC-9493529/2026;Andamento;;2026-03-04;-
DC-016/2023;Andamento;;2026-03-16;-
DC-013/2022;Andamento;;2024-04-02;-
DC-022/2023;Andamento;;2024-07-05;-
DM-017/2023;Andamento;;2024-12-06;-
DM-006/2024;Andamento;;2025-01-28;-
DM-22.010/2019-E;Andamento;;2025-01-27;-
AEST-009440673/2024;Andamento;;2024-12-02;-
DC-010/2023;Andamento;;2025-03-17;-
DC-9453556/2025;Andamento;;2025-11-03;-
DC-012/2023;Andamento;;2023-09-04;-
DC-010/2023;Andamento;;2023-09-01;-
DM-007/2023;Andamento;;2023-09-26;-
PRC-29.008/2017-ANO 4;Andamento;;2024-08-13;-
DC-005/2023;Andamento;;2024-08-23;-
DC-005/2024;Andamento;;2024-10-01;-
DC-024/2022;Andamento;;2025-12-29;-
DP-024/2023;Andamento;;2026-01-20;-
DM-036/2021;Andamento;;2023-11-27;-
DP-008/2023;Andamento;;2023-11-14;-
DC-019/2023;Andamento;;2023-12-28;-
DM-026/2023;Andamento;;2023-12-29;-
DM-030/2023;Andamento;;2023-12-29;-
DM-004/2024;Andamento;;2024-04-01;-
DOV-004/2021-A;Andamento;;2024-03-13;-
DOV-003/2021-A;Andamento;;2024-03-13;-
DM-030/2022;Andamento;;2024-05-02;-
DM-018/2023;Andamento;;2024-05-02;-
DOV-004/2022-A;Andamento;;2024-04-09;-
DM-016/2024;Andamento;;2024-04-26;-
DP-001/2022;Andamento;;2025-04-07;-
DM-020/2023;Andamento;;2025-04-20;-
DP-003/2022;Andamento;;2025-08-15;-
DC-013/2023;Andamento;;2023-12-15;-
DM-018/2024;Andamento;;2024-04-24;-
DM-014/2024;Andamento;;2024-05-01;-
DC-002/2023;Andamento;;2025-01-02;-
DO-001/2021- C;Andamento;;2026-03-29;-
DP-003/2022;Andamento;;2026-03-04;-
DO-009482014/2025;Andamento;;2026-03-18;-
DO-009482046/2025;Andamento;;2026-03-18;-
DM-9473163/2025;Andamento;;2025-08-11;-
DC-9472756/2025;Andamento;;2025-08-25;-
DC-9468321/2025;Andamento;;2025-08-11;-
 AEST-9469794/2025;Andamento;;2025-08-12;-
AEST-9468573/2025;Andamento;;2025-09-01;-
DC-9473949/2025;Andamento;;2025-09-09;-
DC-9439838/2024;Andamento;;2025-09-09;-
DM-028/2023-B;Andamento;;2026-02-02;-
DC-002/2024;Andamento;;2026-02-02;-
DM-9492723/2025;Andamento;;2026-03-01;-
DC-9491013/2025;Andamento;;2026-02-23;-
DM-008/2023;Andamento;;2023-09-01;-
DC-012/2022;Andamento;;2023-09-27;-
DC-016/2022;Andamento;;2024-08-01;-
DM-9440649/2024;Andamento;;2024-10-23;-
DM-9440647/2024;Andamento;;2024-10-23;-
DC-9444080/2024;Andamento;;2024-12-13;-
DM-029/2023-A;Andamento;;2024-12-29;-
DM-9471880/2025;Andamento;;2025-07-22;-
DC-006/2024;Andamento;;2025-09-15;-
DC-9459023/2025;Andamento;;2026-01-19;-
DM-033/2021;Andamento;;2023-08-29;-
DM-028/2021;Andamento;;2023-08-29;-
DM-011/2023;Andamento;;2023-09-01;-
DM-010/2023;Andamento;;2023-09-01;-
DM-011/2022;Andamento;;2023-09-15;-
DM-029/2023;Andamento;;2023-12-29;-
DM-025/2023;Andamento;;2023-12-29;-
DC-028/2022;Andamento;;2024-01-29;-
DP-017/2023;Andamento;;2024-04-19;-
DM-22.009/2020-D;Andamento;;2024-04-06;-
DM-22.012/2020-D;Andamento;;2024-03-24;-
DM-009/2022-B;Andamento;;2024-04-05;-
DP-014/2023;Andamento;;2024-04-19;-
DM-033/2022;Andamento;;2024-04-22;-
DC-9458861/2025;Andamento;;2025-06-04;-
DC-001/2024;Andamento;;2024-03-20;-
DPEI-9470151;Andamento;;2025-07-07;-
DC-9458476/2025;Andamento;;2025-07-01;-
DM-9474704/2025;Andamento;;2025-09-22;-
DP-023/2023;Andamento;;2025-09-01;-
DOV-005/2022-B;Andamento;;2025-12-09;-
DC-010/2023;Andamento;;2026-01-29;-
DP-026/2023;Andamento;;2023-11-06;-
DM-013/2023;Andamento;;2023-12-01;-
DM-023/2023;Andamento;;2023-12-29;-
DM-019/2023;Andamento;;2024-02-15;-
DM-021/2023;Andamento;;2024-02-15;-
DM-032/2023;Andamento;;2024-02-15;-
DM-031/2023;Andamento;;2024-02-15;-
DM-022/2023;Andamento;;2024-02-15;-
DM-009/2023;Andamento;;2024-02-15;-
DM-020/2023;Andamento;;2024-02-15;-
DM-013/2024;Andamento;;2024-04-18;-
DM-022/2023;Andamento;;2024-06-06;-
AMA-9447965/2025;Andamento;;2025-02-27;-
AEST-9468704/2025;Andamento;;2025-07-07;-
DM-9471832/2025;Andamento;;2025-07-15;-
DM-9471835/2025;Andamento;;2025-07-21;-
DM-9452477/2025;Andamento;;2025-10-01;-
DM-9459013/2025;Andamento;;2025-10-08;-
DP-027/2023;Andamento;;2025-11-17;-
DP-24.007/2020;Andamento;;2023-09-25;-
DM-029/2021;Andamento;;2023-11-25;-
DM-9471830/2025;Andamento;;2025-08-11;-
DM-009/2023;Andamento;;2024-07-22;-
DM-007/2024;Andamento;;2025-01-23;-
DC-007/2024;Andamento;;2025-03-06;-
DP-021/2023;Andamento;;2025-05-16;-
DOV-002/2021-B;Andamento;;2025-06-13;-
DOV-001/2021-B;Andamento;;2025-06-13;-
DC-014/2022;Andamento;;2023-09-25;-
DO-001/2021- B;Andamento;;2023-10-01;-
DP-027/2023;Andamento;;2023-11-06;-
DP-009/2023;Andamento;;2023-10-25;-
DP-016/2023;Andamento;;2023-10-25;-
DP-014/2023;Andamento;;2023-11-09;-
DM-015/2023;Andamento;;2023-12-11;-
DM-016/2023;Andamento;;2023-12-11;-
DM-016/2023;Andamento;;2024-02-19;-
DM-001/2024;Andamento;;2024-02-20;-
DOV-003/2022-A;Andamento;;2024-04-09;-
DC-004/2024;Andamento;;2024-06-17;-
DM-026/2023-A;Andamento;;2024-12-29;-
DF/GTIC-9444079;Andamento;;2024-12-12;-
DM-9445821/2024;Andamento;;2024-12-20;-
DP-24.007/2020;Andamento;;2025-02-21;-
DM-9445781/2024;Andamento;;2024-12-20;-
DM-9445782/2024;Andamento;;2024-12-20;-
DM-025/2023-A;Andamento;;2024-12-29;-
DM-9445784/2024;Andamento;;2024-12-20;-
PRC-24.005/2018;Andamento;;2025-01-07;-
DPEI-9446143;Andamento;;2025-05-05;-
DOV-003/2021-B;Andamento;;2025-06-13;-
DC-010/2024;Andamento;;2025-07-14;-
DER-30.014/2025;Andamento;;2025-04-04;-
DC-005/2024;Andamento;;2025-04-14;-
DC-004/2024;Andamento;;2025-04-23;-
DC-017/2023;Andamento;;2025-04-23;-
DC-9453556/2025;Andamento;;2025-04-08;-
DPEI-9478941/2025;Andamento;;2025-09-30;-
DC-9447760/2025;Andamento;;2025-09-25;-
DPEI-9480550/2025;Andamento;;2025-09-01;-
DC-9478759/2025;Andamento;;2025-09-24;-
DC-9481581/2025;Andamento;;2025-11-04;-
DM-002/2024-B;Andamento;;2026-02-19;-
DC-9492718/2025;Andamento;;2026-02-02;-
DM-001/2024-B;Andamento;;2026-02-20;-
9447045/2024-A;Andamento;;2026-01-01;-
DC-9492083/2025;Andamento;;2026-02-23;-
9447043/2024-A;Andamento;;2026-01-01;-
DM-9485591/2025;Andamento;;2026-03-01;-
DM-9447057/2024;Andamento;;2026-03-01;-
DM-9453530;Andamento;;2026-03-01;-
DM-9485592/2025;Andamento;;2026-03-01;-
DM-9447456/2024;Andamento;;2026-03-01;-
AMA-9441725/2024;Andamento;;2025-09-05;-
PRC-24.014/2018;Andamento;;2025-10-15;-
DC-9445668/2024;Andamento;;2025-10-01;-
DC-020/2023;Andamento;;2025-09-01;-
DM-040/2022;Andamento;;2024-02-28;-
DC-016/2023;Andamento;;2025-08-25;-
DP-021/2023;Andamento;;2025-12-10;-
DC-9491012/2025;Andamento;;2026-02-02;-
DC-9492715/2025;Andamento;;2026-02-03;-
DC-9493122/2026;Andamento;;2026-02-03;-
DM-9493180/2026;Andamento;;2026-01-28;-
PRC-22.024/2018-E;Andamento;;2023-10-29;-
DPEI-031/2023;Andamento;;2023-11-01;-
DP-004/2022;Andamento;;2024-01-22;-
DC-018/2023;Andamento;;2024-02-05;-
DM-22.003/2020-D;Andamento;;2024-03-18;-
DM-007/2024;Andamento;;2024-04-09;-
DM-009/2024;Andamento;;2024-04-10;-
DOV-001/2022-A;Andamento;;2024-04-09;-
DM-012/2024;Andamento;;2024-04-11;-
DM-008/2024;Andamento;;2024-04-09;-
DC-005/2024;Andamento;;2025-02-24;-
DC-9439921/2024;Andamento;;2025-03-18;-
DC-9447761/2025;Andamento;;2025-03-24;-
DM-9454417/2025;Andamento;;2025-04-01;-
DC-9447760/2025;Andamento;;2025-03-24;-
DM-004/2023;Andamento;;2025-03-25;-
DPEI-007/2024;Andamento;;2024-04-01;-
DM-017/2024;Andamento;;2024-05-02;-
DM-019/2024;Andamento;;2024-05-02;-
DC-019/2023;Andamento;;2024-04-26;-
DM-002/2024;Andamento;;2024-02-19;-
DM-023/2023;Andamento;;2024-10-01;-
DC-019/2023;Andamento;;2024-11-21;-
DM-003/2023;Andamento;;2025-01-28;-
DM-020/2023;Andamento;;2025-02-06;-
DOV-001/2022-B;Andamento;;2025-12-09;-
DOV-003/2022-B;Andamento;;2025-12-09;-
DM-030/2023-B;Andamento;;2025-12-29;-
DM-026/2023-B;Andamento;;2025-12-29;-
DM-029/2023-B;Andamento;;2025-12-29;-
DC-9492065/2025;Andamento;;2026-01-05;-
DOV-002/2022-B;Andamento;;2025-12-09;-
DM-025/2023-B;Andamento;;2025-12-29;-
DM-002/2024-A;Andamento;;2025-02-19;-
DM-028/2023-A;Andamento;;2025-02-02;-
DOV-004/2022-B;Andamento;;2025-12-09;-
DC-006/2022;Andamento;;2024-07-20;-
DC-011/2024;Andamento;;2024-12-09;-
DC-9441355/2024 ;Andamento;;2024-12-10;-
DC-005/2024;Andamento;;2024-11-26;-
DC-022/2022;Andamento;;2025-03-11;-
DC-9448965/2025;Andamento;;2025-11-25;-
DM-003/2023;Andamento;;2025-12-01;-
DM-012/2023;Andamento;;2023-09-11;-
DP-020/2023;Andamento;;2023-11-06;-
DM-9471879/2025;Andamento;;2025-08-01;-
DC-007/2023;Andamento;;2023-08-01;-
DC-007/2021;Andamento;;2023-08-17;-
DC-9459021/2025;Andamento;;2025-05-16;-
PRC-29.008/2017-D;Andamento;;2025-06-13;-
DC-9447761/2025;Andamento;;2025-07-25;-
DM-9471834/2025;Andamento;;2025-08-01;-
DC-004/2024;Andamento;;2025-10-10;-
DM-018/2023;Andamento;;2023-11-20;-
DC-008/2023;Andamento;;2025-03-20;-
DPEI-9470883;Andamento;;2025-07-15;-
DM-021/2023;Andamento;;2025-08-14;-
DP-005/2023;Andamento;;2025-07-21;-
DM-003/2024;Andamento;;2025-08-18;-
DC-9473951/2025;Andamento;;2025-08-26;-
AMA-9445113/2024;Andamento;;2025-09-05;-
AMA-9458828/2025;Andamento;;2025-09-05;-
AMA-9447965/2025;Andamento;;2025-09-05;-
DM-032/2023;Andamento;;2025-08-01;-
DC-022/2022;Andamento;;2025-07-28;-
DC-002/2024;Andamento;;2025-07-21;-
DPEI-9447985;Andamento;;2025-08-18;-
DC-009473175/2025;Andamento;;2025-09-01;-
DPEI - 028/2023;Andamento;;2023-09-01;-
PRC-24.001/2019-ANO 5;Andamento;;2023-10-16;-
DP-011/2023;Andamento;;2024-01-18;-
DM-22.005/2020-D;Andamento;;2024-04-06;-
DC-011/2022;Andamento;;2024-02-26;-
DM-22.011/2020-D;Andamento;;2024-04-07;-
DM-22.008/2020-D;Andamento;;2024-04-01;-
DM-22.004/2020-D;Andamento;;2024-03-19;-
DC-002/2024;Andamento;;2024-04-04;-
DC-003/2024;Andamento;;2024-04-04;-
DM-011/2024;Andamento;;2024-04-08;-
DC-006/2024;Andamento;;2024-06-13;-
DC-010/2024;Andamento;;2024-06-03;-
DC-005/2023;Andamento;;2024-05-02;-
DM-001/2024-A;Andamento;;2025-02-20;-
9473911/2024;Andamento;;2025-09-19;-
DM-002/2023;Andamento;;2024-02-01;-
DP-24.007/2020;Andamento;;2024-02-26;-
DM-008/2023;Andamento;;2024-02-29;-
DC-008/2024;Andamento;;2024-06-03;-
DG/AMA-009436677/2024;Andamento;;2024-09-02;-
DG/AMA-009436677/2024;Andamento;;2024-09-02;-
DC-9472752/2025;Andamento;;2025-09-10;-
AEST-9468567/2025;Andamento;;2025-09-01;-
AEST-9470136/2025;Andamento;;2025-09-01;-
DC-008/2023;Andamento;;2025-10-15;-
DC-9441355/2024 ;Andamento;;2025-10-27;-
DM-006/2024;Andamento;;2024-03-18;-
DC-003/2023;Andamento;;2024-02-01;-
DM-005/2024;Andamento;;2024-03-18;-
DP-029/2023;Andamento;;2024-03-04;-
DOV-005/2022-A;Andamento;;2024-04-09;-
DP-009/2023;Andamento;;2024-04-15;-
DP-24.007/2020;Andamento;;2024-04-30;-
DM-015/2024;Andamento;;2024-05-02;-
DP-007/2023;Andamento;;2024-04-25;-
DM-017/2023;Andamento;;2023-12-01;-
DC-028/2022;Andamento;;2023-11-27;-
DC-020/2021;Andamento;;2023-11-14;-
DP-016/2023;Andamento;;2024-04-01;-
DP-018/2023;Andamento;;2024-04-01;-
DP-008/2023;Andamento;;2024-04-01;-
DP-013/2023;Andamento;;2024-04-01;-
PRC-24.001/2019-ANO 6;Andamento;;2024-10-16;-
DC-016/2023;Andamento;;2024-10-23;-
DC-9439838/2024;Andamento;;2024-10-08;-
DC-020/2023;Andamento;;2024-03-04;-
DP-018/2023;Andamento;;2024-02-02;-
DP-009/2023;Andamento;;2024-02-02;-
DP-016/2023;Andamento;;2024-02-02;-
DC-027/2022;Andamento;;2024-11-01;-
ASG-003/2021;Andamento;;2024-11-21;-
9442805;Andamento;;2024-11-28;-
DP-025/2023;Andamento;;2023-11-07;-
DM-029/2022;Andamento;;2023-12-06;-
PRC-22.004/2017;Andamento;;2023-12-04;-
DPEI-001/2024;Andamento;;2024-03-12;-
DPEI-003/2024;Andamento;;2024-03-26;-
DM-010/2024;Andamento;;2024-04-08;-
DPEI-030/2023;Andamento;;2024-03-04;-
DPEI-006/2024;Andamento;;2024-03-19;-
DPEI-002/2024;Andamento;;2024-03-12;-
DPEI-004/2024;Andamento;;2024-03-19;-
DPEI-005/2024;Andamento;;2024-03-11;-
DOV-002/2022-A;Andamento;;2024-04-09;-
DC-015/2023;Andamento;;2024-05-28;-
DC-008/2023;Andamento;;2024-10-21;-
DC-9448965/2025;Andamento;;2025-02-21;-
DM-9471881/2025;Andamento;;2025-08-01;-
DOV-002/2021-A;Andamento;;2024-03-13;-
DP-002/2022;Andamento;;2024-06-01;-
DM-015/2023;Andamento;;2024-10-14;-
DM-015/2023;Andamento;;2024-11-04;-
AMA-9441725/2024;Andamento;;2024-11-22;-
PO;Andamento;;2024-12-02;-
DC-024/2022;Andamento;;2025-01-20;-
DC-9445591/2024;Andamento;;2024-12-20;-
DC-013/2023;Andamento;;2025-02-06;-
DPEI-9447050;Andamento;;2025-06-04;-
DM-020/2024;Andamento;;2024-05-15;-
DP-001/2022;Andamento;;2024-04-29;-
DP-015/2023;Andamento;;2024-04-15;-
DM-022/2024;Andamento;;2024-05-16;-
DM-020/2023;Andamento;;2024-08-27;-
DP-003/2022;Andamento;;2024-08-12;-
DM-020/2023;Andamento;;2024-12-09;-
DC-9441306/2024;Andamento;;2024-12-04;-
AMA-9445113/2024;Andamento;;2024-12-02;-
DC-9447109/2024;Andamento;;2024-12-27;-
DC-9445950/2024;Andamento;;2024-12-20;-
DM-030/2023-A;Andamento;;2024-12-29;-
DC-013/2023;Andamento;;2025-03-24;-
DC-9459023/2025;Andamento;;2025-10-13;-
DC-016/2023;Andamento;;2023-12-11;-
DM-22.010/2019-D;Andamento;;2024-01-27;-
DM-028/2023;Andamento;;2024-02-02;-
DC-005/2024;Andamento;;2024-04-11;-
DC-013/2023;Andamento;;2025-05-15;-
DM-22.006/2019-D;Andamento;;2023-10-01;-
DP-004/2022;Andamento;;2025-04-01;-
AMA-9458828/2025;Andamento;;2025-04-09;-
DC-9445587/2024;Andamento;;2024-12-27;-
DC-9445592/2024;Andamento;;2024-12-20;-
DOV-004/2021-B;Andamento;;2025-06-13;-
DC-005/2024;Andamento;;2025-06-09;-
AMA-9461425/2025;Andamento;;2025-05-15;-
DC-004/2024;Andamento;;2025-06-27;-
DC-9459022/2025;Andamento;;2025-08-11;-
DC-9471605/2025;Andamento;;2025-11-04;-
DM-014/2023;Andamento;;2023-09-18;-
DM-027/2021;Andamento;;2023-09-18;-
DP-021/2023;Andamento;;2023-11-10;-
DM-9437231;Andamento;;2024-09-11;-
DC-013/2023;Andamento;;2024-08-28;-
DM-9440655/2024;Andamento;;2024-11-01;-
DM-9440650/2024;Andamento;;2024-11-01;-
DM-9440653/2024;Andamento;;2024-11-01;-
DM-9440654/2024;Andamento;;2024-11-01;-
DM-9440657/2024;Andamento;;2024-11-01;-
DM-9440658/2024;Andamento;;2024-11-01;-
DM-9440662/2024;Andamento;;2024-11-01;-
DM-9440661/2024;Andamento;;2024-11-01;-
AEST-9441233/2024;Andamento;;2025-03-18;-
DP-018/2023;Andamento;;2023-11-27;-
DC-015/2023;Andamento;;2023-12-15;-
DP-015/2023;Andamento;;2023-12-01;-
DC-017/2023;Andamento;;2024-02-20;-
DC-022/2022;Andamento;;2024-02-20;-
DOV-001/2021-A;Andamento;;2024-03-13;-
DM - 024/2021;Andamento;;2023-09-04;-
DP-022/2023;Andamento;;2023-11-06;-
DP-024/2023;Andamento;;2023-11-06;-
DM-013/2023;Andamento;;2024-03-04;-
DM-003/2024;Andamento;;2024-03-04;-
DC-025/2022;Andamento;;2024-04-04;-
DM-015/2023;Andamento;;2024-03-04;-
DC-026/2022;Andamento;;2024-04-01;-
DM-22.007/2020-D;Andamento;;2024-04-01;-
PRC-22.038/2012;Andamento;;2014-01-16;-
DM-002/2022;Andamento;;2023-03-15;-
DM-041/2022;Andamento;;2023-02-15;-
PRC-22.013/2014;Andamento;;2017-09-15;-
DM-013/2021;Andamento;;2022-05-09;-
PRC-22.043/2017-E;Andamento;;2023-06-01;-
PRC-22.013/2018-E;Andamento;;2023-06-01;-
PRC-29.008/2017-B;Andamento;;2022-12-13;-
DM-22.012/2020-A;Andamento;;2021-03-24;-
PRC-24.010/2013;Andamento;;2015-09-08;-
PRC-22.033/2017-C;Andamento;;2020-12-21;-
DOV-003/2021;Andamento;;2021-09-13;-
DM-008/2021;Andamento;;2022-05-09;-
PRC-22.024/2018-D;Andamento;;2022-10-29;-
PRC-22.039/2017-C;Andamento;;2020-12-28;-
DM-22.007/2020-C;Andamento;;2023-04-01;-
DC-22.019/2020;Andamento;;2022-05-28;-
DM-037/2022;Andamento;;2023-05-02;-
DM-025/2022;Andamento;;2023-05-02;-
PRC-24.001/2019-ANO 4;Andamento;;2022-10-16;-
DM-034/2022;Andamento;;2023-04-17;-
DM-009/2022-A;Andamento;;2023-04-05;-
ATA RP-LOTE 4;Andamento;;2023-03-08;-
ATA RP-LOTE 3;Andamento;;2023-03-08;-
ATA RP-LOTE 2;Andamento;;2023-03-08;-
DC-028/2022;Andamento;;2023-04-17;-
DP-003/2023;Andamento;;2023-03-06;-
ATA RP-LOTE 1;Andamento;;2023-03-08;-
DM-030/2022;Andamento;;2023-05-02;-
DC-015/2022;Andamento;;2023-04-14;-
DM-039/2022;Andamento;;2023-05-02;-
DC-001/2023;Andamento;;2023-05-08;-
DC-017/2021;Andamento;;2023-05-16;-
DM-032/2022;Andamento;;2023-05-22;-
DC-012/2022;Andamento;;2023-05-17;-
DM-029/2021;Andamento;;2023-05-23;-
DM-002/2023;Andamento;;2023-06-01;-
PRC-22.004/2018-E;Andamento;;2023-06-01;-
DP-010/2023;Andamento;;2023-05-16;-
DC-024/2022;Andamento;;2023-06-19;-
DP-006/2023;Andamento;;2023-05-08;-
DP-011/2023;Andamento;;2023-06-28;-
DM-003/2023;Andamento;;2023-07-18;-
DP-005/2023;Andamento;;2023-07-03;-
DM-006/2023;Andamento;;2023-08-01;-
DM-031/2022;Andamento;;2023-08-01;-
PRC-22.023/2018-E;Andamento;;2023-07-13;-
DP-007/2023;Andamento;;2023-07-18;-
DP-013/2023;Andamento;;2023-07-24;-
PRC-22.090/2013-DO 2;Andamento;;2022-06-29;-
DC-22.024/2020;Andamento;;2022-07-20;-
DM-021/2022;Andamento;;2022-08-10;-
PRC-22.013/2018-C;Andamento;;2021-06-01;-
DM-033/2021;Andamento;;2022-03-18;-
DM-020/2022;Andamento;;2022-05-02;-
DC-019/2021;Andamento;;2021-11-22;-
DM-22.009/2020-B;Andamento;;2022-04-06;-
DC-004/2022;Andamento;;2022-04-18;-
DC-013/2021;Andamento;;2023-01-27;-
DM-005/2021;Andamento;;2023-05-02;-
DM-030/2021;Andamento;;2022-03-24;-
DM-023/2022;Andamento;;2022-06-21;-
DM 014/2021;Andamento;;2022-04-08;-
PRC-22.017/2018-D;Andamento;;2022-07-01;-
DC-22.019/2020;Andamento;;2022-02-25;-
PRC-24.005/2018;Andamento;;2022-03-01;-
DC-013/2021;Andamento;;2022-05-23;-
PRC-29.008/2017-A;Andamento;;2021-04-12;-
DM-029/2021;Andamento;;2021-11-22;-
DC-22.019/2020;Andamento;;2021-09-10;-
PRC-22.039/2017-D;Andamento;;2021-12-28;-
PRC-22.016/2018-E;Andamento;;2023-08-01;-
DM - 024/2021;Andamento;;2021-11-22;-
PRC-22.042/2017-D;Andamento;;2021-12-28;-
PRC-22.037/2017-D;Andamento;;2022-03-01;-
PRC-22.032/2017-C;Andamento;;2020-12-21;-
DM-22.010/2019-A;Andamento;;2021-01-27;-
DC-021/2022;Andamento;;2023-03-10;-
PRC-22.026/2017-C;Andamento;;2021-02-19;-
PRC-22.029/2017-E;Andamento;;2023-02-01;-
DC-002/2023;Andamento;;2023-07-20;-
PRC-22.042/2017-C;Andamento;;2020-12-28;-
PRC-22.013/2014;Andamento;;2020-05-22;-
PRC-22.013/2014;Andamento;;2019-06-10;-
DM-22.008/2020-A;Andamento;;2021-04-01;-
DM-010/2021;Andamento;;2021-10-13;-
DM-013/2021;Andamento;;2021-10-15;-
DC-22.019/2020;Andamento;;2022-01-25;-
DM-22.012/2020-B;Andamento;;2022-03-24;-
DM-003/2022;Andamento;;2022-05-09;-
DC-016/2022;Andamento;;2022-07-25;-
DM-018/2021;Andamento;;2022-10-24;-
DM-013/2021;Andamento;;2023-03-01;-
DC-012/2022;Andamento;;2023-03-06;-
DC-001/2022;Andamento;;2023-03-06;-
DM-22.005/2020-C;Andamento;;2023-04-06;-
DC-013/2022;Andamento;;2023-06-01;-
DP-017/2023;Andamento;;2023-07-24;-
DM-028/2022;Andamento;;2022-09-06;-
DM-031/2022;Andamento;;2022-10-03;-
DM-036/2021;Andamento;;2022-10-03;-
DM-032/2022;Andamento;;2022-10-05;-
PRC-22.020/2017-E;Andamento;;2022-10-02;-
DM-028/2021;Andamento;;2022-10-07;-
PRC-22.022/2017-E;Andamento;;2022-11-01;-
DC-002/2022;Andamento;;2022-11-04;-
DC-018/2021;Andamento;;2023-03-01;-
DM-004/2021;Andamento;;2022-12-16;-
PRC-22.024/2013;Andamento;;2022-12-19;-
DI-22.001/2020;Andamento;;2022-12-16;-
PRC-22.041/2017-E;Andamento;;2023-02-01;-
PRC-22.030/2017-E;Andamento;;2023-03-01;-
PRC-22.035/2017-E;Andamento;;2023-03-01;-
DM-22.004/2020-C;Andamento;;2023-03-19;-
DM-014/2022;Andamento;;2023-03-15;-
DM-22.009/2020-A;Andamento;;2021-04-06;-
DP-003/2021;Andamento;;2021-11-24;-
PRC-22.004/2018-C;Andamento;;2021-06-01;-
DC-006/2021;Andamento;;2021-09-15;-
DM-22.004/2020-B;Andamento;;2022-03-19;-
DM-22.011/2020-B;Andamento;;2022-04-07;-
DM-011/2022;Andamento;;2022-05-09;-
DM-013/2022;Andamento;;2022-05-09;-
DM-004/2022;Andamento;;2022-05-16;-
PRC-22.013/2018-D;Andamento;;2022-06-01;-
PRC-22.004/2018-D;Andamento;;2022-06-01;-
DC-010/2022;Andamento;;2022-05-23;-
DM-022/2022;Andamento;;2022-06-01;-
DM-22.014/2020;Andamento;;2022-06-01;-
DC-006/2022;Andamento;;2022-07-06;-
DC-012/2022;Andamento;;2022-07-25;-
DC-015/2021;Andamento;;2022-07-25;-
DP-001/2022;Andamento;;2022-07-04;-
DOV-004/2022;Andamento;;2022-08-09;-
DC-013/2021;Andamento;;2022-08-24;-
PRC-22.035/2017-D;Andamento;;2022-03-01;-
DC-003/2022;Andamento;;2022-02-15;-
DC-002/2022;Andamento;;2022-02-18;-
DM-005/2022;Andamento;;2022-02-24;-
PRC-22.043/2017-C;Andamento;;2021-06-01;-
PRC-22.041/2017-B;Andamento;;2020-02-01;-
PRC-22.038/2017-D;Andamento;;2022-06-01;-
DP-004/2022;Andamento;;2023-01-16;-
DM-013/2022;Andamento;;2023-04-03;-
DM - 024/2021;Andamento;;2023-04-03;-
PRC-22.027/2017-E;Andamento;;2023-04-02;-
DM-003/2021;Andamento;;2021-07-21;-
DM-029/2022;Andamento;;2022-09-06;-
DC-008/2022;Andamento;;2022-07-25;-
PRC-22.025/2017-C;Andamento;;2021-03-01;-
PRC-22.028/2017-C;Andamento;;2021-03-01;-
PRC-22.037/2017-C;Andamento;;2021-03-01;-
DM-22.003/2020-A;Andamento;;2021-03-18;-
DC-002/2021;Andamento;;2021-04-05;-
PRC-22.027/2017-C;Andamento;;2021-04-02;-
DM-001/2021;Andamento;;2021-05-10;-
DO-001/2021;Andamento;;2021-04-26;-
DM-006/2021;Andamento;;2021-09-01;-
DM-007/2021;Andamento;;2021-09-01;-
DM-009/2021;Andamento;;2021-09-01;-
DOV-001/2021;Andamento;;2021-09-13;-
DM 014/2021;Andamento;;2021-09-13;-
DM-22.006/2019-B;Andamento;;2021-10-01;-
PRC-22.018/2017-D;Andamento;;2021-10-02;-
PRC-22.019/2017-D;Andamento;;2021-10-02;-
PRC-22.020/2017-D;Andamento;;2021-10-02;-
PRC-22.024/2018-C;Andamento;;2021-10-29;-
DC-22.018/2020;Andamento;;2021-10-18;-
DM-017/2021;Andamento;;2021-11-03;-
DM-030/2021;Andamento;;2021-11-04;-
DC-22.013/2020;Andamento;;2021-11-16;-
PRC-22.033/2017-D;Andamento;;2021-12-21;-
PRC-22.034/2017-D;Andamento;;2021-12-21;-
PRC-22.040/2017-D;Andamento;;2021-12-29;-
DC-22.015/2020;Andamento;;2021-12-24;-
PRC-22.029/2017-D;Andamento;;2022-02-01;-
PRC-24.010/2013;Andamento;;2022-02-01;-
PRC-22.031/2017-E;Andamento;;2022-12-01;-
PRC-22.032/2017-E;Andamento;;2022-12-21;-
PRC-22.033/2017-E;Andamento;;2022-12-21;-
PRC-22.039/2017-E;Andamento;;2022-12-28;-
PRC-22.040/2017-E;Andamento;;2022-12-29;-
PRC-22.042/2017-E;Andamento;;2022-12-28;-
DM-007/2022;Andamento;;2022-03-14;-
DM-028/2021;Andamento;;2022-04-01;-
PRC-22.025/2017-E;Andamento;;2023-03-01;-
PRC-22.024/2013;Andamento;;2021-08-23;-
DC-22.024/2020;Andamento;;2022-03-23;-
DM-002/2022;Andamento;;2022-03-24;-
DC-011/2022;Andamento;;2022-05-15;-
DC-019/2021;Andamento;;2022-11-01;-
DM-015/2022;Andamento;;2023-03-15;-
DM-012/2021;Andamento;;2021-10-15;-
DM-005/2021;Andamento;;2021-09-01;-
PRC-22.041/2017-D;Andamento;;2022-02-01;-
DC-22.015/2020;Andamento;;2021-04-05;-
PRC-22.023/2018-D;Andamento;;2022-07-13;-
PRC-22.030/2017-C;Andamento;;2021-03-01;-
DM - 024/2021;Andamento;;2022-12-16;-
DP-24.007/2020;Andamento;;2022-08-22;-
DC-009/2021;Andamento;;2023-01-30;-
PRC-22.028/2017-E;Andamento;;2023-03-01;-
DC-006/2023;Andamento;;2023-05-02;-
PRC-22.017/2018-E;Andamento;;2023-07-01;-
DP-016/2023;Andamento;;2023-07-24;-
PRC-22.031/2017-D;Andamento;;2021-12-01;-
DC-22.019/2020;Andamento;;2022-04-25;-
PRC-22.016/2018-D;Andamento;;2022-08-01;-
DOV-002/2021;Andamento;;2021-09-13;-
PRC-22.022/2017-D;Andamento;;2021-11-01;-
DM-027/2021;Andamento;;2021-11-03;-
DM-031/2021;Andamento;;2022-03-01;-
DM-22.010/2019-C;Andamento;;2023-01-27;-
PRC-22.023/2018-C;Andamento;;2021-07-13;-
PRC-24.004/2019;Andamento;;2021-10-22;-
PRC-22.004/2017;Andamento;;2022-05-09;-
DC-020/2022;Andamento;;2022-08-15;-
PRC-22.037/2017-E;Andamento;;2023-03-01;-
DM-22.009/2020-C;Andamento;;2023-04-06;-
PRC-22.025/2017-D;Andamento;;2022-03-01;-
DM-018/2021;Andamento;;2022-05-03;-
DOV-005/2022;Andamento;;2022-08-09;-
DM-22.014/2020;Andamento;;2020-12-01;-
PRC-22.029/2017-C;Andamento;;2021-02-01;-
DM-004/2021;Andamento;;2021-08-17;-
DM-034/2021;Andamento;;2023-02-10;-
DM-030/2021;Andamento;;2023-02-17;-
PRC-22.034/2017-E;Andamento;;2022-12-21;-
DC-016/2021;Andamento;;2021-11-18;-
DC-009/2021;Andamento;;2022-01-18;-
PRC-22.019/2017-E;Andamento;;2022-10-02;-
PRC-22.017/2017-E;Andamento;;2022-10-02;-
DM-025/2021;Andamento;;2023-04-03;-
DC-22.020/2020;Andamento;;2021-07-28;-
ASG-002/2021;Andamento;;2021-12-02;-
DM-009/2022;Andamento;;2022-04-05;-
DP-004/2023;Andamento;;2023-04-10;-
PRC-22.038/2017-E;Andamento;;2023-06-01;-
PRC-22.040/2017-C;Andamento;;2020-12-29;-
DM-22.011/2020-C;Andamento;;2023-04-07;-
DM-005/2023;Andamento;;2023-07-18;-
DM-004/2023;Andamento;;2023-07-18;-
DM-22.007/2020-B;Andamento;;2022-04-01;-
DM-22.008/2020-C;Andamento;;2023-04-01;-
DM-22.007/2020-A;Andamento;;2021-04-01;-
DC-009/2022;Andamento;;2022-05-23;-
DP-003/2022;Andamento;;2022-08-05;-
DC-017/2022;Andamento;;2023-08-03;-
DC-019/2021;Andamento;;2022-06-23;-
DM-22.006/2019-C;Andamento;;2022-10-01;-
PRC-22.016/2018-C;Andamento;;2021-08-01;-
DC-008/2023;Andamento;;2023-05-25;-
DI-22.001/2020;Andamento;;2021-12-28;-
PRC-22.026/2017-D;Andamento;;2022-02-19;-
DC-003/2023;Andamento;;2023-04-03;-
DC-027/2022;Andamento;;2023-04-03;-
DC-014/2022;Andamento;;2023-04-11;-
PRC-24.010/2018-E;Andamento;;2023-07-01;-
DM-023/2021;Andamento;;2022-02-01;-
DC-015/2022;Andamento;;2022-07-11;-
DC-001/2022;Andamento;;2022-07-11;-
DM-002/2021;Andamento;;2021-07-05;-
DC-014/2021;Andamento;;2021-11-18;-
DM-22.012/2020-C;Andamento;;2023-03-24;-
PRC-22.043/2017-D;Andamento;;2022-06-01;-
PRC-22.035/2017-C;Andamento;;2021-03-01;-
DC-015/2021;Andamento;;2021-11-18;-
DM-011/2021;Andamento;;2021-10-15;-
PRC-22.015/2017-D;Andamento;;2021-09-01;-
PRC-22.032/2017-D;Andamento;;2021-12-21;-
DP-009/2023;Andamento;;2023-07-03;-
PRC-22.041/2017-C;Andamento;;2021-02-01;-
DM-22.005/2020-A;Andamento;;2021-04-06;-
DM-008/2021;Andamento;;2021-09-01;-
PRC-22.017/2017-D;Andamento;;2021-10-02;-
DC-017/2022;Andamento;;2022-07-05;-
DM-008/2022;Andamento;;2022-02-24;-
DC-014/2021;Andamento;;2022-11-28;-
DC-22.020/2020;Andamento;;2021-09-27;-
PRC-22.030/2017-D;Andamento;;2022-03-01;-
DM-018/2022;Andamento;;2022-05-11;-
DC-014/2021;Andamento;;2022-05-25;-
DOV-004/2021;Andamento;;2021-09-13;-
PRC-22.027/2017-D;Andamento;;2022-04-02;-
DC-22.013/2020;Andamento;;2022-08-22;-
DM-22.004/2020-A;Andamento;;2021-03-19;-
PRC-22.017/2018-C;Andamento;;2021-07-01;-
ASG-003/2021;Andamento;;2022-03-15;-
DC-011/2021;Andamento;;2021-09-15;-
DM-22.010/2019-B;Andamento;;2022-01-27;-
DC-020/2021;Andamento;;2022-05-15;-
PRC-22.038/2017-C;Andamento;;2021-06-01;-
DM-22.010/2020-B;Andamento;;2022-08-03;-
DC-022/2022;Andamento;;2023-03-06;-
DC-22.015/2020;Andamento;;2021-11-26;-
DM-014/2022;Andamento;;2022-05-10;-
DC-22.019/2020;Andamento;;2022-06-27;-
DC-023/2022;Andamento;;2022-11-21;-
DM-026/2022;Andamento;;2023-05-02;-
DM-040/2022;Andamento;;2023-05-02;-
DM-017/2022;Andamento;;2023-05-02;-
DC-017/2021;Andamento;;2021-11-09;-
DM-024/2022;Andamento;;2022-06-21;-
DOV-003/2022;Andamento;;2022-08-09;-
DM-22.011/2020-A;Andamento;;2021-04-07;-
DM-015/2022;Andamento;;2022-05-16;-
DM-036/2022;Andamento;;2023-03-13;-
DM-22.006/2020-A;Andamento;;2021-04-01;-
DP-002/2022;Andamento;;2023-02-06;-
DC-009/2023;Andamento;;2023-06-05;-
DC-22.024/2020;Andamento;;2021-09-01;-
DC-009/2021;Andamento;;2021-09-01;-
DM-016/2022;Andamento;;2022-05-16;-
DC-019/2021;Andamento;;2022-09-19;-
PRC-22.011/2018;Andamento;;2021-01-28;-
PRC-22.011/2018;Andamento;;2021-07-01;-
DP-002/2021;Andamento;;2022-01-18;-
PRC-24.010/2018-D;Andamento;;2022-07-01;-
DC-005/2023;Andamento;;2023-04-17;-
PRC-24.014/2018;Andamento;;2024-04-02;-
DM-028/2021;Andamento;;2021-12-01;-
DC-021/2021;Andamento;;2022-02-15;-
DM-010/2022;Andamento;;2022-05-06;-
DOV-002/2022;Andamento;;2022-08-09;-
DC-015/2021;Andamento;;2023-02-20;-
PRC-22.004/2017;Andamento;;2023-06-20;-
DP-24.007/2020;Andamento;;2021-05-17;-
DM-034/2021;Andamento;;2022-02-01;-
DP-018/2023;Andamento;;2023-07-24;-
DC-018/2021;Andamento;;2022-03-03;-
DC-22.019/2020;Andamento;;2022-03-25;-
DC-22.013/2020;Andamento;;2022-03-25;-
DM-22.003/2020-C;Andamento;;2023-03-18;-
DC-025/2022;Andamento;;2023-06-07;-
DM-001/2022;Andamento;;2022-05-04;-
DM-027/2022;Andamento;;2022-07-26;-
DM-001/2023;Andamento;;2023-05-02;-
DOV-001/2022;Andamento;;2022-08-09;-
DC-014/2022;Andamento;;2022-08-22;-
PRC-22.018/2017-E;Andamento;;2022-10-02;-
DM-011/2022;Andamento;;2023-01-02;-
DF-012/2021-A;Andamento;;2023-04-03;-
PRC-22.028/2017-D;Andamento;;2022-03-01;-
DM-035/2021;Andamento;;2022-05-17;-
PRC-22.015/2017-E;Andamento;;2022-09-01;-
ATA RP-LOTE 6;Andamento;;2023-03-08;-
ATA RP-LOTE 5;Andamento;;2023-03-08;-
DM-038/2022;Andamento;;2023-05-02;-
PRC-22.034/2017-C;Andamento;;2020-12-21;-
DC-012/2021;Andamento;;2021-10-01;-
DM-025/2021;Andamento;;2022-03-01;-
DM-22.008/2020-B;Andamento;;2022-04-01;-
DM-22.005/2020-B;Andamento;;2022-04-06;-
DM-22.010/2020-C;Andamento;;2023-08-03;-
DC-018/2022;Andamento;;2023-06-26;-
DM-22.003/2020-B;Andamento;;2022-03-18;-
DM-021/2022;Andamento;;2022-05-09;-
DM-035/2022;Andamento;;2023-05-02;-
DM-006/2022;Andamento;;2022-02-24;-
PRC-22.026/2017-E;Andamento;;2023-02-19;-
ASG-001/2021;Andamento;;2021-08-06;-
PRC-22.018/2017-C;Andamento;;2020-10-02;-
PRC-22.032/2017-B;Andamento;;2019-12-21;-
PRC-22.042/2017-B;Andamento;;2019-12-28;-
PRC-22.029/2017-B;Andamento;;2020-02-01;-
PRC-22.037/2017-B;Andamento;;2020-03-01;-
PRC-22.004/2017;Andamento;;2020-03-17;-
PRC-22.043/2017-B;Andamento;;2020-06-01;-
DI-22.001/2020;Andamento;;2020-03-12;-
DM-22.008/2020;Andamento;;2020-04-01;-
PRC-22.026/2017-B;Andamento;;2020-02-19;-
PRC-22.017/2017-C;Andamento;;2020-10-02;-
DM-22.007/2020;Andamento;;2020-04-01;-
DM-22.012/2020;Andamento;;2020-03-24;-
PRC-22.013/2018-B;Andamento;;2020-06-01;-
PRC-22.016/2018-B;Andamento;;2020-08-01;-
PRC-22.019/2017-C;Andamento;;2020-10-02;-
PRC-22.020/2017-C;Andamento;;2020-10-02;-
DM-22.005/2019;Andamento;;2020-10-20;-
PRC-22.003/2019;Andamento;;2020-11-16;-
PRC-29.007/2017-B;Andamento;;2020-12-01;-
DM-22.006/2019-A;Andamento;;2020-10-01;-
PRC-22.004/2017;Andamento;;2018-06-20;-
PRC-22.011/2018;Andamento;;2020-09-01;-
DC-22.020/2020;Andamento;;2020-09-14;-
DM-22.004/2020;Andamento;;2020-03-19;-
DM-22.005/2020;Andamento;;2020-04-06;-
DM-22.006/2020;Andamento;;2020-04-01;-
DM-22.009/2020;Andamento;;2020-04-06;-
PRC-22.027/2017-B;Andamento;;2020-04-02;-
PRC-22.004/2018-B;Andamento;;2020-06-01;-
PRC-29.012/2016-D;Andamento;;2020-07-12;-
PRC-22.003/2019;Andamento;;2020-09-21;-
DC-22.018/2020;Andamento;;2020-09-15;-
PRC-22.031/2017-C;Andamento;;2020-12-01;-
PRC-24.010/2013;Andamento;;2020-03-02;-
DM-22.003/2020;Andamento;;2020-03-18;-
DC-22.019/2020;Andamento;;2020-09-14;-
DC-22.013/2020;Andamento;;2020-09-01;-
PRC-22.030/2017-B;Andamento;;2020-03-01;-
PRC-22.035/2017-B;Andamento;;2020-03-01;-
DM-22.011/2020;Andamento;;2020-04-07;-
PRC-22.038/2017-B;Andamento;;2020-06-01;-
PRC-22.023/2018-B;Andamento;;2020-07-13;-
PRC-22.038/2012;Andamento;;2020-08-05;-
DC-22.017/2020;Andamento;;2020-09-01;-
PRC-22.003/2019;Andamento;;2019-05-21;-
PRC-22.013/2014;Andamento;;2019-11-17;-
PRC-22.017/2018-B;Andamento;;2020-07-01;-
PRC-22.015/2017-C;Andamento;;2020-09-01;-
PRC-22.024/2018-B;Andamento;;2020-10-29;-
PRC-22.022/2017-C;Andamento;;2020-11-01;-
PRC-22.024/2018-A;Andamento;;2019-10-29;-
PRC-22.003/2019;Andamento;;2019-12-02;-
PRC-22.039/2017-B;Andamento;;2019-12-28;-
PRC-22.038/2012;Andamento;;2013-09-03;-
PRC-22.038/2012;Andamento;;2017-08-01;-
PRC-29.010/2010-D;Andamento;;2014-07-05;-
PRC-22.018/2011-C;Andamento;;2014-07-20;-
PRC-24.010/2013;Andamento;;2013-05-03;-
PRC-24.010/2013;Andamento;;2017-07-12;-
PRC-22.024/2013;Andamento;;2017-12-29;-
PRC-24.010/2013;Paralisado;Caso Fortuito ou Força Maior;2017-06-21;Diretor Geral
PRC-22.038/2012;Paralisado;Outros tipos de paralisação;2013-12-12;Diretor Geral
PRC-22.038/2012;Paralisado;Outros tipos de paralisação;2014-02-01;Diretor Geral
PRC-22.003/2019;Paralisado;Outros tipos de paralisação;2019-09-16;Diretor Geral
PRC-22.003/2019;Paralisado;Outros tipos de paralisação;2020-11-01;Diretor Geral
PRC-22.024/2013;Paralisado;Outros tipos de paralisação;2019-02-01;Diretor Geral
PRC-22.003/2019;Paralisado;Outros tipos de paralisação;2019-12-16;Diretor Geral
PRC-24.010/2013;Paralisado;Caso Fortuito ou Força Maior;2014-11-15;Diretor Geral
PRC-22.038/2012;Paralisado;Outros tipos de paralisação;2018-11-01;Diretor Geral
PRC-22.004/2017;Paralisado;Outros tipos de paralisação;2018-12-01;Diretor Geral
PRC-24.010/2013;Paralisado;Caso Fortuito ou Força Maior;2018-12-15;Diretor Geral
PRC-22.013/2014;Paralisado;Outros tipos de paralisação;2019-02-01;Diretor Geral
PRC-22.013/2014;Paralisado;Outros tipos de paralisação;2019-12-01;Diretor Geral
PRC-22.013/2014;Paralisado;Outros tipos de paralisação;2019-09-20;Diretor Geral
DM-015/2022;Paralisado;Outros tipos de paralisação;2022-09-01;Diretor Geral
PRC-22.004/2017;Paralisado;Caso Fortuito ou Força Maior;2022-04-18;Diretor Geral
DC-22.024/2020;Paralisado;Caso Fortuito ou Força Maior;2022-02-01;Diretor Geral
DC-019/2021;Paralisado;Caso Fortuito ou Força Maior;2022-10-01;Diretor Geral
DC-22.015/2020;Paralisado;Caso Fortuito ou Força Maior;2021-12-01;Diretor Geral
DI-22.001/2020;Paralisado;Caso Fortuito ou Força Maior;2021-12-01;Diretor Geral
DM-014/2022;Paralisado;Outros tipos de paralisação;2023-01-13;Diretor Geral
DM-22.014/2020;Paralisado;Caso Fortuito ou Força Maior;2021-11-16;Diretor Geral
DC-22.019/2020;Paralisado;Caso Fortuito ou Força Maior;2022-05-01;Diretor Geral
PRC-22.004/2017;Paralisado;Caso Fortuito ou Força Maior;2022-12-01;Diretor Geral
DC-014/2021;Paralisado;Caso Fortuito ou Força Maior;2022-04-18;Diretor Geral
DM-021/2022;Paralisado;Outros tipos de paralisação;2022-08-01;Diretor Geral
DM-031/2022;Paralisado;Outros tipos de paralisação;2023-04-03;Diretor Geral
DM-032/2022;Paralisado;Outros tipos de paralisação;2023-04-10;Diretor Geral
DC-019/2021;Paralisado;Caso Fortuito ou Força Maior;2022-09-01;Diretor Geral
DM-033/2021;Paralisado;Outros tipos de paralisação;2023-06-10;Diretor Geral
DC-22.018/2020;Paralisado;Problemas relacionados à contratada;2021-08-01;Diretor Geral
DM-013/2021;Paralisado;Outros tipos de paralisação;2022-11-10;Diretor Geral
DM - 024/2021;Paralisado;Outros tipos de paralisação;2023-07-08;Diretor Geral
DC-22.019/2020;Paralisado;Caso Fortuito ou Força Maior;2022-02-01;Diretor Geral
DM-008/2021;Paralisado;Outros tipos de paralisação;2022-04-13;Diretor Geral
DC-013/2021;Paralisado;Caso Fortuito ou Força Maior;2022-08-01;Diretor Geral
PRC-22.011/2018;Paralisado;Contingenciamento de recursos próprios;2021-01-01;Diretor Geral
DC-011/2022;Paralisado;Caso Fortuito ou Força Maior;2022-11-05;Diretor Geral
DC-22.019/2020;Paralisado;Caso Fortuito ou Força Maior;2022-03-01;Diretor Geral
DC-22.013/2020;Paralisado;Caso Fortuito ou Força Maior;2022-04-18;Diretor Geral
DM-011/2022;Paralisado;Outros tipos de paralisação;2023-07-01;Diretor Geral
DC-22.020/2020;Paralisado;Problemas relacionados à contratada;2021-08-06;Diretor Geral
DP-24.007/2020;Paralisado;Outros tipos de paralisação;2022-03-04;Diretor Geral
DC-015/2021;Paralisado;Caso Fortuito ou Força Maior;2022-06-10;Diretor Geral
DC-009/2022;Paralisado;Caso Fortuito ou Força Maior;2022-10-01;Diretor Geral
DM-013/2022;Paralisado;Outros tipos de paralisação;2022-11-01;Diretor Geral
DC-017/2022;Paralisado;Caso Fortuito ou Força Maior;2023-06-28;Diretor Geral
PRC-22.011/2018;Paralisado;Contingenciamento de recursos próprios;2021-06-15;Diretor Geral
DC-22.020/2020;Paralisado;Contingenciamento de recursos próprios;2021-06-18;Diretor Geral
DM 014/2021;Paralisado;Outros tipos de paralisação;2022-02-01;Diretor Geral
DC-013/2021;Paralisado;Caso Fortuito ou Força Maior;2022-11-09;Diretor Geral
DM-013/2021;Paralisado;Outros tipos de paralisação;2022-04-01;Diretor Geral
DM-030/2021;Paralisado;Outros tipos de paralisação;2022-10-17;Diretor Geral
DM-005/2021;Paralisado;Outros tipos de paralisação;2022-11-14;Diretor Geral
DI-22.001/2020;Paralisado;Caso Fortuito ou Força Maior;2022-11-16;Diretor Geral
DM - 024/2021;Paralisado;Outros tipos de paralisação;2022-11-11;Diretor Geral
DC-015/2022;Paralisado;Caso Fortuito ou Força Maior;2022-09-01;Diretor Geral
DM-028/2021;Paralisado;Outros tipos de paralisação;2022-04-13;Diretor Geral
DM - 024/2021;Paralisado;Outros tipos de paralisação;2023-01-18;Diretor Geral
DC-014/2022;Paralisado;Caso Fortuito ou Força Maior;2023-03-17;Diretor Geral
DM-018/2021;Paralisado;Outros tipos de paralisação;2022-09-29;Diretor Geral
DM-016/2022;Paralisado;Outros tipos de paralisação;2022-09-01;Diretor Geral
DC-012/2022;Paralisado;Caso Fortuito ou Força Maior;2023-04-04;Diretor Geral
DC-22.013/2020;Paralisado;Caso Fortuito ou Força Maior;2021-10-20;Diretor Geral
DC-009/2021;Paralisado;Caso Fortuito ou Força Maior;2021-12-10;Diretor Geral
DC-22.019/2020;Paralisado;Caso Fortuito ou Força Maior;2021-12-15;Diretor Geral
DM-028/2021;Paralisado;Outros tipos de paralisação;2022-03-15;Diretor Geral
DC-22.019/2020;Paralisado;Caso Fortuito ou Força Maior;2022-04-01;Diretor Geral
DC-22.019/2020;Paralisado;Caso Fortuito ou Força Maior;2022-06-01;Diretor Geral
DC-22.024/2020;Paralisado;Caso Fortuito ou Força Maior;2022-06-01;Diretor Geral
DC-016/2021;Paralisado;Caso Fortuito ou Força Maior;2022-08-11;Diretor Geral
PRC-22.024/2013;Paralisado;Caso Fortuito ou Força Maior;2022-11-04;Diretor Geral
DP-003/2021;Paralisado;Outros tipos de paralisação;2022-10-07;Diretor Geral
DP-002/2021;Paralisado;Outros tipos de paralisação;2022-12-08;Diretor Geral
DC-018/2021;Paralisado;Caso Fortuito ou Força Maior;2022-12-15;Diretor Geral
DC-001/2022;Paralisado;Caso Fortuito ou Força Maior;2022-12-15;Diretor Geral
DC-012/2022;Paralisado;Caso Fortuito ou Força Maior;2022-12-20;Diretor Geral
DM-028/2021;Paralisado;Outros tipos de paralisação;2022-12-01;Diretor Geral
DM-029/2021;Paralisado;Outros tipos de paralisação;2023-01-13;Diretor Geral
DM-034/2021;Paralisado;Outros tipos de paralisação;2023-01-13;Diretor Geral
DM-011/2022;Paralisado;Outros tipos de paralisação;2022-12-01;Diretor Geral
DC-22.013/2020;Paralisado;Caso Fortuito ou Força Maior;2022-01-05;Diretor Geral
DC-019/2021;Paralisado;Caso Fortuito ou Força Maior;2022-05-13;Diretor Geral
DM-002/2022;Paralisado;Outros tipos de paralisação;2022-11-10;Diretor Geral
DM-004/2021;Paralisado;Outros tipos de paralisação;2022-11-10;Diretor Geral
DC-009/2021;Paralisado;Caso Fortuito ou Força Maior;2022-11-01;Diretor Geral
DP-24.007/2020;Paralisado;Outros tipos de paralisação;2023-03-01;Diretor Geral
DC-22.019/2020;Paralisado;Outros tipos de paralisação;2021-09-01;Diretor Geral
DC-002/2022;Paralisado;Caso Fortuito ou Força Maior;2022-10-14;Diretor Geral
DC-22.015/2020;Paralisado;Outros tipos de paralisação;2021-09-20;Diretor Geral
DM-028/2022;Paralisado;Outros tipos de paralisação;2023-02-14;Diretor Geral
DM-030/2021;Paralisado;Outros tipos de paralisação;2021-12-01;Diretor Geral
DM-025/2021;Paralisado;Outros tipos de paralisação;2023-02-10;Diretor Geral
DC-014/2021;Paralisado;Caso Fortuito ou Força Maior;2022-09-05;Diretor Geral
PRC-24.010/2013;Paralisado;Caso Fortuito ou Força Maior;2022-01-06;Diretor Geral
DC-017/2021;Paralisado;Caso Fortuito ou Força Maior;2023-04-28;Diretor Geral
DM-036/2021;Paralisado;Outros tipos de paralisação;2023-08-03;Diretor Geral
DC-015/2021;Paralisado;Caso Fortuito ou Força Maior;2022-11-11;Diretor Geral
DM-027/2021;Paralisado;Outros tipos de paralisação;2022-03-01;Diretor Geral
ASG-003/2021;Paralisado;Outros tipos de paralisação;2024-09-06;Diretor Geral
DC-004/2024;Paralisado;Caso Fortuito ou Força Maior;2024-11-08;Diretor Geral
DP-001/2022;Paralisado;Outros tipos de paralisação;2024-05-01;Diretor Geral
DC-017/2023;Paralisado;Caso Fortuito ou Força Maior;2024-11-08;Diretor Geral
DM-007/2024;Paralisado;Ordem Judicial;2024-12-01;Diretor Geral
DM-008/2023;Paralisado;Outros tipos de paralisação;2024-01-20;Diretor Geral
DM-023/2023;Paralisado;Outros tipos de paralisação;2024-09-18;Diretor Geral
DC-006/2022;Paralisado;Caso Fortuito ou Força Maior;2024-11-08;Diretor Geral
DC-008/2023;Paralisado;Outros tipos de paralisação;2024-11-08;Diretor Geral
DC-018/2022;Paralisado;Caso Fortuito ou Força Maior;2024-11-08;Diretor Geral
DC-016/2023;Paralisado;Caso Fortuito ou Força Maior;2024-12-10;Diretor Geral
DC-004/2024;Paralisado;Caso Fortuito ou Força Maior;2025-05-23;Diretor Geral
DC-001/2022;Paralisado;Caso Fortuito ou Força Maior;2025-03-03;Diretor Geral
DM-003/2023;Paralisado;Outros tipos de paralisação;2025-05-05;Diretor Geral
DP-003/2022;Paralisado;Outros tipos de paralisação;2025-02-01;Diretor Geral
DC-013/2023;Paralisado;Caso Fortuito ou Força Maior;2025-04-01;Diretor Geral
DC-025/2022;Paralisado;Caso Fortuito ou Força Maior;2025-05-01;Diretor Geral
DP-016/2023;Paralisado;Outros tipos de paralisação;2024-03-18;Diretor Geral
PRC-24.005/2018;Paralisado;Caso Fortuito ou Força Maior;2024-01-01;Diretor Geral
DP-013/2023;Paralisado;Outros tipos de paralisação;2024-03-18;Diretor Geral
DP-018/2023;Paralisado;Outros tipos de paralisação;2024-03-18;Diretor Geral
DP-008/2023;Paralisado;Outros tipos de paralisação;2024-03-18;Diretor Geral
DC-005/2024;Paralisado;Caso Fortuito ou Força Maior;2024-10-18;Diretor Geral
DC-027/2022;Paralisado;Outros tipos de paralisação;2024-10-22;Diretor Geral
DC-003/2023;Paralisado;Caso Fortuito ou Força Maior;2024-01-01;Diretor Geral
DC-019/2023;Paralisado;Caso Fortuito ou Força Maior;2024-09-09;Diretor Geral
DM-017/2023;Paralisado;Outros tipos de paralisação;2024-11-15;Diretor Geral
DM-030/2022;Paralisado;Outros tipos de paralisação;2023-12-01;Diretor Geral
DC-022/2022;Paralisado;Caso Fortuito ou Força Maior;2023-11-27;Diretor Geral
DPEI-030/2023;Paralisado;Outros tipos de paralisação;2026-01-21;Diretor Geral
DC-013/2022;Paralisado;Caso Fortuito ou Força Maior;2024-03-22;Diretor Geral
DM-015/2023;Paralisado;Outros tipos de paralisação;2024-10-26;Diretor Geral
DC-002/2024;Paralisado;Caso Fortuito ou Força Maior;2025-07-01;Diretor Geral
DM-029/2022;Paralisado;Outros tipos de paralisação;2023-09-01;Diretor Geral
DP-004/2022;Paralisado;Outros tipos de paralisação;2023-09-06;Diretor Geral
DC-005/2023;Paralisado;Caso Fortuito ou Força Maior;2024-04-05;Diretor Geral
DM-022/2023;Paralisado;Outros tipos de paralisação;2024-05-13;Diretor Geral
DC-022/2022;Paralisado;Outros tipos de paralisação;2025-02-14;Diretor Geral
DC-022/2022;Paralisado;Caso Fortuito ou Força Maior;2025-04-04;Diretor Geral
DC-9447761/2025;Paralisado;Caso Fortuito ou Força Maior;2025-06-01;Diretor Geral
DC-9441355/2024 ;Paralisado;Caso Fortuito ou Força Maior;2025-09-22;Diretor Geral
DP-003/2022;Paralisado;Outros tipos de paralisação;2023-11-01;Diretor Geral
DP-24.007/2020;Paralisado;Outros tipos de paralisação;2024-03-02;Diretor Geral
DC-016/2023;Paralisado;Caso Fortuito ou Força Maior;2024-08-05;Diretor Geral
DC-016/2022;Paralisado;Outros tipos de paralisação;2024-11-08;Diretor Geral
DC-010/2023;Paralisado;Caso Fortuito ou Força Maior;2025-11-07;Diretor Geral
DM-020/2023;Paralisado;Outros tipos de paralisação;2024-11-15;Diretor Geral
DC-013/2023;Paralisado;Caso Fortuito ou Força Maior;2024-11-25;Diretor Geral
DC-006/2024;Paralisado;Outros tipos de paralisação;2024-10-01;Diretor Geral
DP-005/2023;Paralisado;Outros tipos de paralisação;2024-11-01;Diretor Geral
DP-004/2022;Paralisado;Outros tipos de paralisação;2024-06-01;Diretor Geral
DC-007/2021;Paralisado;Caso Fortuito ou Força Maior;2025-02-03;Diretor Geral
DC-002/2024;Paralisado;Caso Fortuito ou Força Maior;2026-01-06;Diretor Geral
DC-001/2023;Paralisado;Caso Fortuito ou Força Maior;2023-11-01;Diretor Geral
DC-028/2022;Paralisado;Caso Fortuito ou Força Maior;2023-10-25;Diretor Geral
DM-029/2021;Paralisado;Outros tipos de paralisação;2023-10-01;Diretor Geral
DC-021/2022;Paralisado;Caso Fortuito ou Força Maior;2023-11-01;Diretor Geral
DC-020/2021;Paralisado;Caso Fortuito ou Força Maior;2023-10-20;Diretor Geral
PRC-24.014/2018;Paralisado;Outros tipos de paralisação;2025-09-19;Diretor Geral
DC-9445587/2024;Paralisado;Riscos decorrentes de erros e vícios construtivos;2026-02-13;Diretor Geral
PRC-22.004/2017;Paralisado;Caso Fortuito ou Força Maior;2023-08-22;Diretor Geral
DC-012/2022;Paralisado;Caso Fortuito ou Força Maior;2023-08-14;Diretor Geral
DM-015/2023;Paralisado;Outros tipos de paralisação;2024-10-01;Diretor Geral
DC-024/2022;Paralisado;Caso Fortuito ou Força Maior;2025-10-02;Diretor Geral
PRC-24.001/2019-ANO 4;Paralisado;Outros tipos de paralisação;2023-10-15;Diretor Geral
DM-020/2023;Paralisado;Outros tipos de paralisação;2024-08-03;Diretor Geral
DC-010/2024;Paralisado;Caso Fortuito ou Força Maior;2025-05-01;Diretor Geral
DC-010/2023;Paralisado;Outros tipos de paralisação;2025-02-14;Diretor Geral
DC-9439838/2024;Paralisado;Caso Fortuito ou Força Maior;2025-07-01;Diretor Geral
DM-020/2023;Paralisado;Outros tipos de paralisação;2025-02-12;Diretor Geral
DM-003/2024;Paralisado;Outros tipos de paralisação;2025-03-01;Diretor Geral
DP-018/2023;Paralisado;Outros tipos de paralisação;2023-10-01;Diretor Geral
DP-016/2023;Paralisado;Outros tipos de paralisação;2023-10-01;Diretor Geral
DP-24.007/2020;Paralisado;Outros tipos de paralisação;2023-10-06;Diretor Geral
DC-025/2022;Paralisado;Caso Fortuito ou Força Maior;2023-11-15;Diretor Geral
DP-018/2023;Paralisado;Outros tipos de paralisação;2023-12-20;Diretor Geral
DM-013/2023;Paralisado;Outros tipos de paralisação;2024-01-25;Diretor Geral
DC-005/2024;Paralisado;Outros tipos de paralisação;2025-02-28;Diretor Geral
DC-013/2023;Paralisado;Caso Fortuito ou Força Maior;2025-03-01;Diretor Geral
DM-021/2023;Paralisado;Outros tipos de paralisação;2025-05-10;Diretor Geral
DC-9439838/2024;Paralisado;Caso Fortuito ou Força Maior;2025-10-01;Diretor Geral
DP-021/2023;Paralisado;Outros tipos de paralisação;2025-11-12;Diretor Geral
DP-003/2022;Paralisado;Outros tipos de paralisação;2026-01-01;Diretor Geral
DP-001/2022;Paralisado;Outros tipos de paralisação;2023-09-28;Diretor Geral
DP-009/2023;Paralisado;Outros tipos de paralisação;2023-10-01;Diretor Geral
DM-015/2023;Paralisado;Outros tipos de paralisação;2023-12-22;Diretor Geral
DM-016/2023;Paralisado;Outros tipos de paralisação;2023-12-22;Diretor Geral
DP-24.007/2020;Paralisado;Outros tipos de paralisação;2024-05-03;Diretor Geral
DC-013/2023;Paralisado;Caso Fortuito ou Força Maior;2024-06-07;Diretor Geral
DM-009/2023;Paralisado;Outros tipos de paralisação;2024-07-01;Diretor Geral
DM-006/2024;Paralisado;Outros tipos de paralisação;2025-01-01;Diretor Geral
DM-020/2023;Paralisado;Outros tipos de paralisação;2024-12-18;Diretor Geral
DM-004/2023;Paralisado;Outros tipos de paralisação;2025-01-01;Diretor Geral
DM-003/2023;Paralisado;Outros tipos de paralisação;2025-01-01;Diretor Geral
DC-005/2024;Paralisado;Caso Fortuito ou Força Maior;2025-01-07;Diretor Geral
DC-008/2022;Paralisado;Caso Fortuito ou Força Maior;2025-04-01;Diretor Geral
DC-005/2024;Paralisado;Caso Fortuito ou Força Maior;2025-05-19;Diretor Geral
DC-008/2023;Paralisado;Caso Fortuito ou Força Maior;2025-08-01;Diretor Geral
DC-9453556/2025;Paralisado;Outros tipos de paralisação;2025-05-01;Diretor Geral
DC-020/2023;Paralisado;Caso Fortuito ou Força Maior;2025-08-18;Diretor Geral
DP-027/2023;Paralisado;Outros tipos de paralisação;2025-10-20;Diretor Geral
DC-006/2022;Paralisado;Caso Fortuito ou Força Maior;2024-06-20;Diretor Geral
DC-005/2023;Paralisado;Caso Fortuito ou Força Maior;2024-06-10;Diretor Geral
DC-002/2023;Paralisado;Outros tipos de paralisação;2024-12-18;Diretor Geral
DC-024/2022;Paralisado;Outros tipos de paralisação;2024-12-10;Diretor Geral
DP-021/2023;Paralisado;Outros tipos de paralisação;2025-05-01;Diretor Geral
DM-032/2023;Paralisado;Outros tipos de paralisação;2025-05-05;Diretor Geral
AMA-9445113/2024;Paralisado;Outros tipos de paralisação;2025-08-05;Diretor Geral
AMA-9441725/2024;Paralisado;Outros tipos de paralisação;2025-08-05;Diretor Geral
AMA-9458828/2025;Paralisado;Outros tipos de paralisação;2025-08-05;Diretor Geral
AMA-9447965/2025;Paralisado;Outros tipos de paralisação;2025-08-05;Diretor Geral
DC-016/2022;Paralisado;Caso Fortuito ou Força Maior;2024-07-10;Diretor Geral
DC-011/2024;Paralisado;Caso Fortuito ou Força Maior;2025-04-01;Diretor Geral
DC-009/2023;Paralisado;Caso Fortuito ou Força Maior;2025-04-01;Diretor Geral
DC-9448965/2025;Paralisado;Caso Fortuito ou Força Maior;2025-10-06;Diretor Geral
DC-014/2022;Paralisado;Caso Fortuito ou Força Maior;2023-08-23;Diretor Geral
DP-011/2023;Paralisado;Outros tipos de paralisação;2023-10-01;Diretor Geral
DC-019/2023;Paralisado;Caso Fortuito ou Força Maior;2024-01-12;Diretor Geral
DP-007/2023;Paralisado;Outros tipos de paralisação;2024-03-18;Diretor Geral
DP-009/2023;Paralisado;Outros tipos de paralisação;2024-03-18;Diretor Geral
DP-014/2023;Paralisado;Outros tipos de paralisação;2024-03-18;Diretor Geral
DP-015/2023;Paralisado;Outros tipos de paralisação;2024-03-18;Diretor Geral
DC-9447760/2025;Paralisado;Caso Fortuito ou Força Maior;2025-05-01;Diretor Geral
DC-016/2023;Paralisado;Caso Fortuito ou Força Maior;2025-10-01;Diretor Geral
DP-009/2023;Paralisado;Outros tipos de paralisação;2023-11-01;Diretor Geral
DP-016/2023;Paralisado;Outros tipos de paralisação;2023-11-01;Diretor Geral
DP-024/2023;Paralisado;Outros tipos de paralisação;2025-11-19;Diretor Geral
DC-004/2024;Paralisado;Caso Fortuito ou Força Maior;2025-08-01;Diretor Geral
DM-018/2023;Paralisado;Outros tipos de paralisação;2024-02-07;Diretor Geral
DP-002/2022;Paralisado;Outros tipos de paralisação;2023-12-05;Diretor Geral
DC-9459023/2025;Paralisado;Caso Fortuito ou Força Maior;2025-11-10;Diretor Geral
DC-028/2022;Paralisado;Caso Fortuito ou Força Maior;2023-12-11;Diretor Geral
DM-040/2022;Paralisado;Outros tipos de paralisação;2024-01-22;Diretor Geral
DP-017/2023;Paralisado;Outros tipos de paralisação;2024-03-18;Diretor Geral
DC-008/2023;Paralisado;Outros tipos de paralisação;2024-09-12;Diretor Geral
DC-005/2024;Paralisado;Outros tipos de paralisação;2024-09-16;Diretor Geral
DM-002/2023;Paralisado;Outros tipos de paralisação;2023-12-15;Diretor Geral
DC-015/2023;Paralisado;Caso Fortuito ou Força Maior;2024-04-06;Diretor Geral
DC-007/2024;Paralisado;Outros tipos de paralisação;2026-02-20;Diretor Geral
DP-025/2023;Paralisado;Outros tipos de paralisação;2026-03-20;Diretor Geral
PRC-24.014/2018;Paralisado;Outros tipos de paralisação;2026-03-05;Diretor Geral
DC-003/2024;Paralisado;Caso Fortuito ou Força Maior;2026-03-20;Diretor Geral
DP-026/2023;Paralisado;Outros tipos de paralisação;2026-02-19;Diretor Geral
DP-020/2023;Paralisado;Outros tipos de paralisação;2026-02-10;Diretor Geral
DM-032/2023;Execução concluída;;2025-08-10;-
DM-036/2022;Execução concluída;;2025-09-12;-
DC-001/2024;Execução concluída;;2025-12-09;-
ASG-002/2021;Execução concluída;;2023-08-31;-
DC-006/2021;Execução concluída;;2023-09-04;-
DM-036/2021;Execução concluída;;2023-12-27;-
PRC-22.039/2017-E;Execução concluída;;2023-12-27;-
PRC-22.032/2017-E;Execução concluída;;2023-12-20;-
PRC-22.034/2017-E;Execução concluída;;2023-12-20;-
PRC-22.042/2017-E;Execução concluída;;2023-12-27;-
PRC-22.028/2017-E;Execução concluída;;2024-02-29;-
DM-001/2023;Execução concluída;;2024-02-01;-
DOV-002/2021;Execução concluída;;2024-03-12;-
DOV-004/2021;Execução concluída;;2024-03-12;-
DC-017/2021;Execução concluída;;2023-11-16;-
PRC-22.037/2017-E;Execução concluída;;2024-02-29;-
DP-011/2023;Execução concluída;;2024-03-15;-
ASG-003/2021;Execução concluída;;2024-11-29;-
DP-007/2023;Execução concluída;;2024-11-07;-
DM-9445784/2024;Execução concluída;;2025-11-30;-
DM-034/2022;Execução concluída;;2023-10-16;-
DM-001/2024;Execução concluída;;2025-02-19;-
DC-022/2022;Execução concluída;;2025-08-06;-
DM-029/2022;Execução concluída;;2023-12-10;-
DC-002/2021;Execução concluída;;2023-11-20;-
DM-025/2023;Execução concluída;;2024-12-28;-
PRC-22.015/2017-E;Execução concluída;;2023-08-31;-
DM-039/2022;Execução concluída;;2023-11-15;-
DM-001/2024-A;Execução concluída;;2026-02-19;-
DC-9445591/2024;Execução concluída;;2026-02-28;-
DOV-005/2022-A;Execução concluída;;2025-12-08;-
DC-017/2023;Execução concluída;;2025-04-30;-
DC-018/2023;Execução concluída;;2025-08-31;-
PRC-29.008/2017-ANO 4;Execução concluída;;2025-06-13;-
DM-014/2022;Execução concluída;;2023-10-11;-
DM-015/2022;Execução concluída;;2023-10-29;-
PRC-22.024/2018-D;Execução concluída;;2023-10-28;-
DP-006/2023;Execução concluída;;2023-08-31;-
DC-014/2022;Execução concluída;;2023-10-26;-
PRC-22.029/2017-E;Execução concluída;;2024-01-31;-
DM-22.003/2020-C;Execução concluída;;2024-03-17;-
DM-22.004/2020-C;Execução concluída;;2024-03-18;-
DM-014/2023;Execução concluída;;2024-03-17;-
DM-22.008/2020-C;Execução concluída;;2024-03-31;-
DM-22.007/2020-C;Execução concluída;;2024-03-31;-
DOV-001/2022;Execução concluída;;2024-04-08;-
PRC-24.001/2019-ANO 6;Execução concluída;;2025-06-20;-
DM-021/2023;Execução concluída;;2025-08-18;-
DM-003/2024;Execução concluída;;2025-08-20;-
DC-022/2023;Execução concluída;;2025-01-31;-
DM-9445782/2024;Execução concluída;;2025-11-30;-
DM-9445781/2024;Execução concluída;;2025-11-30;-
DM-003/2023;Execução concluída;;2025-12-09;-
PRC-22.035/2017-E;Execução concluída;;2024-02-29;-
DO-001/2021;Execução concluída;;2023-09-30;-
PRC-22.019/2017-E;Execução concluída;;2023-10-01;-
DM - 024/2021;Execução concluída;;2023-09-05;-
DM-035/2021;Execução concluída;;2023-09-13;-
PRC-22.004/2017;Execução concluída;;2023-12-07;-
PRC-22.040/2017-E;Execução concluída;;2023-12-28;-
PRC-22.025/2017-E;Execução concluída;;2024-02-29;-
PRC-22.013/2018-E;Execução concluída;;2024-05-31;-
DM-040/2022;Execução concluída;;2024-05-09;-
DM-030/2022;Execução concluída;;2024-11-30;-
DC-003/2023;Execução concluída;;2024-10-25;-
DC-027/2022;Execução concluída;;2025-04-29;-
DC-9445950/2024;Execução concluída;;2025-07-17;-
DOV-004/2022-A;Execução concluída;;2025-12-08;-
DOV-003/2022-A;Execução concluída;;2025-12-08;-
DC-010/2023;Execução concluída;;2026-01-31;-
DC-008/2023;Execução concluída;;2026-01-31;-
DM-028/2021;Execução concluída;;2023-08-31;-
DOV-005/2022;Execução concluída;;2024-04-08;-
PRC-24.010/2018-E;Execução concluída;;2024-06-30;-
DM-015/2023;Execução concluída;;2024-11-13;-
DM-019/2024;Execução concluída;;2024-11-30;-
DM-22.007/2020-D;Execução concluída;;2025-03-31;-
PRC-22.038/2012;Execução concluída;;2024-03-23;-
DC-9447109/2024;Execução concluída;;2025-02-24;-
DM-028/2023;Execução concluída;;2025-02-01;-
DM-22.004/2020-D;Execução concluída;;2025-03-18;-
DM-22.012/2020-D;Execução concluída;;2025-03-23;-
DM-22.011/2020-D;Execução concluída;;2025-04-06;-
DPEI - 028/2023;Execução concluída;;2025-08-31;-
DC-9445592/2024;Execução concluída;;2025-08-16;-
DC-005/2024;Execução concluída;;2025-06-30;-
PRC-24.005/2018;Execução concluída;;2025-12-31;-
DM-028/2023-A;Execução concluída;;2026-02-01;-
DM-22.006/2019-C;Execução concluída;;2023-09-30;-
ASG-001/2021;Execução concluída;;2024-03-31;-
DOV-003/2022;Execução concluída;;2024-04-08;-
ATA RP-LOTE 3;Execução concluída;;2024-03-06;-
ATA RP-LOTE 2;Execução concluída;;2024-03-07;-
PRC-22.038/2017-E;Execução concluída;;2024-05-31;-
ATA RP-LOTE 6;Execução concluída;;2024-03-06;-
ATA RP-LOTE 1;Execução concluída;;2024-03-07;-
ATA RP-LOTE 4;Execução concluída;;2024-03-06;-
ATA RP-LOTE 5;Execução concluída;;2024-03-06;-
PRC-22.043/2017-E;Execução concluída;;2024-05-31;-
DOV-002/2022;Execução concluída;;2024-04-08;-
PRC-22.004/2018-E;Execução concluída;;2024-05-31;-
DM-037/2022;Execução concluída;;2024-05-01;-
DM-013/2023;Execução concluída;;2024-06-30;-
DM-022/2023;Execução concluída;;2024-07-08;-
PRC-22.016/2018-E;Execução concluída;;2024-07-31;-
DM-019/2023;Execução concluída;;2024-11-30;-
DM-030/2023;Execução concluída;;2024-12-28;-
DM-017/2023;Execução concluída;;2024-12-21;-
PRC-24.004/2019;Execução concluída;;2025-10-30;-
DM-22.010/2019-D;Execução concluída;;2025-01-26;-
DP-003/2023;Execução concluída;;2025-12-31;-
DC-012/2022;Execução concluída;;2023-09-30;-
DM-026/2023-A;Execução concluída;;2025-12-28;-
DM-038/2022;Execução concluída;;2024-06-30;-
DC-006/2024;Execução concluída;;2025-10-31;-
DC-023/2022;Execução concluída;;2023-09-16;-
DC-005/2023;Execução concluída;;2024-08-29;-
DM-002/2024-A;Execução concluída;;2026-02-18;-
DOV-002/2022-A;Execução concluída;;2025-12-08;-
DM-22.006/2019-D;Execução concluída;;2024-09-30;-
PRC-22.022/2017-E;Execução concluída;;2023-10-31;-
DM-002/2024;Execução concluída;;2025-02-18;-
DM-22.005/2020-D;Execução concluída;;2025-04-05;-
DP-004/2022;Execução concluída;;2025-04-30;-
DC-9448965/2025;Execução concluída;;2025-11-30;-
DM-033/2021;Execução concluída;;2023-08-31;-
DM-027/2021;Execução concluída;;2023-09-19;-
DM-005/2023;Execução concluída;;2024-07-31;-
PRC-22.023/2018-E;Execução concluída;;2024-07-12;-
DM-029/2023;Execução concluída;;2024-12-28;-
DC-004/2024;Execução concluída;;2025-10-15;-
DER-30.014/2025;Execução concluída;;2025-09-30;-
DC-026/2022;Execução concluída;;2025-10-22;-
DC-9441355/2024 ;Execução concluída;;2025-11-09;-
DM-029/2023-A;Execução concluída;;2025-12-28;-
PRC-22.018/2017-E;Execução concluída;;2023-10-01;-
DM-006/2023;Execução concluída;;2023-10-31;-
PRC-22.033/2017-E;Execução concluída;;2023-12-20;-
DM-22.010/2019-C;Execução concluída;;2024-01-26;-
DP-008/2023;Execução concluída;;2024-10-23;-
DP-018/2023;Execução concluída;;2024-10-13;-
DM-020/2023;Execução concluída;;2025-04-27;-
DM-009/2022-B;Execução concluída;;2025-04-04;-
PRC-22.041/2017-E;Execução concluída;;2024-01-31;-
DC-003/2022;Execução concluída;;2024-10-31;-
DC-015/2023;Execução concluída;;2024-10-31;-
DM-031/2022;Execução concluída;;2024-05-31;-
DM-016/2023;Execução concluída;;2024-09-30;-
DC-019/2023;Execução concluída;;2025-01-31;-
DM-013/2024;Execução concluída;;2025-01-31;-
DC-012/2023;Execução concluída;;2023-10-31;-
DM-22.005/2020-C;Execução concluída;;2024-04-05;-
DOV-004/2022;Execução concluída;;2024-04-08;-
DM-22.010/2020-C;Execução concluída;;2024-08-02;-
DM-031/2023;Execução concluída;;2025-02-14;-
DOV-001/2021-A;Execução concluída;;2025-06-12;-
DOV-002/2021-A;Execução concluída;;2025-06-12;-
DOV-003/2021-A;Execução concluída;;2025-06-12;-
DOV-004/2021-A;Execução concluída;;2025-06-12;-
DM-004/2024;Execução concluída;;2024-07-31;-
DC-013/2022;Execução concluída;;2024-09-30;-
DM-002/2023;Execução concluída;;2024-09-18;-
DM-026/2023;Execução concluída;;2024-12-28;-
DC-011/2022;Execução concluída;;2024-10-28;-
DC-020/2023;Execução concluída;;2025-09-08;-
PRC-22.020/2017-E;Execução concluída;;2023-10-01;-
DM-026/2022;Execução concluída;;2023-09-30;-
PRC-22.017/2017-E;Execução concluída;;2023-10-01;-
DC-010/2022;Execução concluída;;2023-10-14;-
DM-22.012/2020-C;Execução concluída;;2024-03-23;-
DOV-003/2021;Execução concluída;;2024-03-12;-
DOV-001/2021;Execução concluída;;2024-03-12;-
PRC-29.008/2017-B;Execução concluída;;2024-08-12;-
DM-006/2024;Execução concluída;;2025-04-13;-
DC-010/2024;Execução concluída;;2025-08-31;-
DC-021/2021;Execução concluída;;2023-11-30;-
DM-008/2023;Execução concluída;;2024-05-11;-
DM-009/2023;Execução concluída;;2024-08-04;-
DP-001/2022;Execução concluída;;2025-04-30;-
AMA-9461425/2025;Execução concluída;;2025-09-14;-
DM-004/2023;Execução concluída;;2025-09-30;-
DM-030/2023-A;Execução concluída;;2025-12-28;-
DM-22.010/2019-E;Execução concluída;;2025-12-31;-
PRC-22.030/2017-E;Execução concluída;;2024-02-29;-
DC-018/2021;Execução concluída;;2024-02-29;-
DP-010/2023;Execução concluída;;2024-04-12;-
DM-033/2022;Execução concluída;;2024-10-21;-
DM-023/2023;Execução concluída;;2024-10-11;-
DP-016/2023;Execução concluída;;2024-10-22;-
PRC-22.026/2017-E;Execução concluída;;2024-02-18;-
DC-028/2022;Execução concluída;;2024-04-30;-
DM-018/2023;Execução concluída;;2024-08-12;-
DM-017/2022;Execução concluída;;2023-08-31;-
PRC-22.027/2017-E;Execução concluída;;2024-04-01;-
DM-22.011/2020-C;Execução concluída;;2024-04-06;-
DC-017/2022;Execução concluída;;2024-01-31;-
DM-009/2022-A;Execução concluída;;2024-04-04;-
DM-22.009/2020-C;Execução concluída;;2024-04-05;-
DM-011/2023;Execução concluída;;2024-04-30;-
DC-020/2021;Execução concluída;;2024-04-25;-
DC-006/2023;Execução concluída;;2024-06-24;-
PRC-22.024/2018-E;Execução concluída;;2024-10-28;-
DP-014/2023;Execução concluída;;2024-11-04;-
DG/AMA-009436677/2024;Execução concluída;;2024-11-30;-
DP-015/2023;Execução concluída;;2024-11-22;-
DP-017/2023;Execução concluída;;2024-11-09;-
DM-22.003/2020-D;Execução concluída;;2025-03-17;-
DM-22.008/2020-D;Execução concluída;;2025-03-31;-
DF-012/2021-A;Execução concluída;;2024-11-30;-
PRC-22.017/2018-E;Execução concluída;;2024-06-30;-
DC-013/2023;Execução concluída;;2025-06-30;-
DM-025/2023-A;Execução concluída;;2025-12-28;-
DM-035/2022;Execução concluída;;2023-08-31;-
DM-013/2022;Execução concluída;;2023-08-31;-
DM-012/2023;Execução concluída;;2023-11-30;-
PRC-22.031/2017-E;Execução concluída;;2023-11-30;-
DM-007/2023;Execução concluída;;2023-11-30;-
DM-010/2023;Execução concluída;;2023-11-30;-
DM-025/2022;Execução concluída;;2023-11-01;-
DM-011/2022;Execução concluída;;2023-11-24;-
DC-004/2022;Execução concluída;;2023-02-11;-
DM-22.009/2020-D;Execução concluída;;2025-04-05;-
PRC-24.001/2019-ANO 5;Execução concluída;;2024-10-15;-
DP-013/2023;Execução concluída;;2024-10-16;-
DP-009/2023;Execução concluída;;2024-10-16;-
DC-22.020/2020;Execução concluída;;2021-10-10;-
DC-22.019/2020;Execução concluída;;2022-06-30;-
DM-023/2022;Execução concluída;;2022-07-08;-
DM-22.012/2020;Execução concluída;;2021-03-23;-
DM-001/2021;Execução concluída;;2021-09-30;-
DM-023/2021;Execução concluída;;2022-12-31;-
PRC-22.018/2017-C;Execução concluída;;2021-10-01;-
DM-22.011/2020-A;Execução concluída;;2022-04-06;-
DM-006/2022;Execução concluída;;2022-06-23;-
PRC-24.010/2013;Execução concluída;;2022-07-03;-
DM-22.007/2020-B;Execução concluída;;2023-03-31;-
DM-22.004/2020-B;Execução concluída;;2023-03-18;-
DM-013/2021;Execução concluída;;2023-03-31;-
DM-22.003/2020-B;Execução concluída;;2023-03-17;-
DM-22.008/2020-B;Execução concluída;;2023-03-31;-
DM-22.012/2020-B;Execução concluída;;2023-03-23;-
PRC-22.027/2017-D;Execução concluída;;2023-04-01;-
DM-004/2022;Execução concluída;;2023-04-30;-
PRC-22.038/2017-D;Execução concluída;;2023-05-31;-
PRC-22.004/2018-D;Execução concluída;;2023-05-31;-
DM-029/2021;Execução concluída;;2023-11-30;-
PRC-22.013/2018-D;Execução concluída;;2023-05-31;-
DC-015/2022;Execução concluída;;2023-05-31;-
PRC-22.017/2018-D;Execução concluída;;2023-06-30;-
PRC-24.010/2018-D;Execução concluída;;2023-06-30;-
PRC-22.016/2018-D;Execução concluída;;2023-07-31;-
PRC-22.023/2018-D;Execução concluída;;2023-07-12;-
DC-019/2021;Execução concluída;;2022-11-16;-
DM-002/2022;Execução concluída;;2023-03-31;-
PRC-22.028/2017-C;Execução concluída;;2022-02-28;-
PRC-22.043/2017-D;Execução concluída;;2023-05-31;-
PRC-22.042/2017-B;Execução concluída;;2020-12-27;-
PRC-22.026/2017-B;Execução concluída;;2021-02-18;-
PRC-22.030/2017-B;Execução concluída;;2021-02-28;-
PRC-22.037/2017-B;Execução concluída;;2021-02-28;-
DM-22.006/2020-A;Execução concluída;;2022-03-31;-
DM-22.010/2020-B;Execução concluída;;2023-08-02;-
PRC-22.027/2017-C;Execução concluída;;2022-04-01;-
DC-22.024/2020;Execução concluída;;2022-08-05;-
DM-025/2021;Execução concluída;;2023-04-21;-
PRC-22.032/2017-B;Execução concluída;;2020-12-20;-
DM-031/2021;Execução concluída;;2023-02-28;-
PRC-22.024/2018-C;Execução concluída;;2022-10-28;-
DM-22.009/2020-B;Execução concluída;;2023-04-05;-
PRC-22.035/2017-B;Execução concluída;;2021-02-28;-
PRC-22.013/2018-B;Execução concluída;;2021-05-31;-
PRC-22.004/2018-B;Execução concluída;;2021-05-31;-
PRC-22.016/2018-B;Execução concluída;;2021-07-31;-
PRC-22.033/2017-C;Execução concluída;;2021-12-20;-
PRC-22.015/2017-D;Execução concluída;;2022-08-31;-
DM-032/2022;Execução concluída;;2023-07-16;-
DM-22.014/2020;Execução concluída;;2022-06-15;-
PRC-22.023/2018-C;Execução concluída;;2022-07-12;-
DM-020/2022;Execução concluída;;2022-07-24;-
PRC-22.016/2018-C;Execução concluída;;2022-07-31;-
DM-018/2022;Execução concluída;;2022-07-31;-
DM-024/2022;Execução concluída;;2022-08-16;-
DM-007/2021;Execução concluída;;2022-08-31;-
DM-008/2021;Execução concluída;;2022-08-26;-
DM-027/2022;Execução concluída;;2022-08-15;-
DC-22.013/2020;Execução concluída;;2022-09-12;-
PRC-22.020/2017-D;Execução concluída;;2022-10-01;-
PRC-22.032/2017-D;Execução concluída;;2022-12-20;-
PRC-22.090/2013-DO 2;Execução concluída;;2022-11-23;-
PRC-22.042/2017-D;Execução concluída;;2022-12-27;-
PRC-22.039/2017-D;Execução concluída;;2022-12-27;-
PRC-29.008/2017-A;Execução concluída;;2022-12-12;-
PRC-22.029/2017-D;Execução concluída;;2023-01-31;-
PRC-22.026/2017-D;Execução concluída;;2023-02-18;-
PRC-22.030/2017-D;Execução concluída;;2023-02-28;-
PRC-22.028/2017-D;Execução concluída;;2023-02-28;-
DM-009/2022;Execução concluída;;2023-04-04;-
DM-22.005/2020-B;Execução concluída;;2023-04-05;-
DM-034/2021;Execução concluída;;2023-06-30;-
PRC-22.015/2017-C;Execução concluída;;2021-08-31;-
PRC-22.027/2017-B;Execução concluída;;2021-04-01;-
DM-22.006/2020;Execução concluída;;2021-03-31;-
PRC-22.013/2014;Execução concluída;;2021-07-05;-
DM-22.009/2020;Execução concluída;;2021-04-05;-
DM-003/2021;Execução concluída;;2021-08-31;-
DM-002/2021;Execução concluída;;2021-09-30;-
PRC-22.011/2018;Execução concluída;;2021-09-30;-
PRC-22.031/2017-C;Execução concluída;;2021-11-30;-
PRC-22.034/2017-C;Execução concluída;;2021-12-20;-
PRC-22.032/2017-C;Execução concluída;;2021-12-20;-
PRC-22.042/2017-C;Execução concluída;;2021-12-27;-
DM-22.010/2019-A;Execução concluída;;2022-01-26;-
DM-010/2021;Execução concluída;;2022-01-31;-
PRC-22.030/2017-C;Execução concluída;;2022-02-28;-
PRC-22.035/2017-C;Execução concluída;;2022-02-28;-
DM-22.004/2020-A;Execução concluída;;2022-03-18;-
DM-22.005/2020-A;Execução concluída;;2022-04-05;-
PRC-22.038/2017-C;Execução concluída;;2022-05-31;-
DM-005/2022;Execução concluída;;2022-05-31;-
DC-015/2021;Execução concluída;;2023-02-28;-
DM-22.011/2020-B;Execução concluída;;2023-04-06;-
PRC-22.039/2017-C;Execução concluída;;2021-12-27;-
DM-018/2021;Execução concluída;;2022-11-15;-
DM-022/2022;Execução concluída;;2023-05-31;-
PRC-22.003/2019;Execução concluída;;2020-12-31;-
PRC-22.020/2017-C;Execução concluída;;2021-10-01;-
PRC-22.040/2017-C;Execução concluída;;2021-12-28;-
PRC-22.019/2017-C;Execução concluída;;2021-10-01;-
PRC-22.013/2018-C;Execução concluída;;2022-05-31;-
DM 014/2021;Execução concluída;;2022-08-19;-
DC-009/2021;Execução concluída;;2023-02-01;-
DC-22.017/2020;Execução concluída;;2021-04-28;-
DM-22.007/2020-A;Execução concluída;;2022-03-31;-
PRC-22.037/2017-D;Execução concluída;;2023-02-28;-
DM-22.005/2019;Execução concluída;;2021-07-16;-
PRC-22.017/2017-D;Execução concluída;;2022-10-01;-
DC-22.018/2020;Execução concluída;;2021-11-26;-
PRC-22.029/2017-B;Execução concluída;;2021-01-31;-
PRC-22.019/2017-D;Execução concluída;;2022-10-01;-
DM-22.006/2019-A;Execução concluída;;2021-09-30;-
PRC-22.017/2018-C;Execução concluída;;2022-06-30;-
DM-030/2021;Execução concluída;;2023-03-31;-
PRC-22.024/2018-B;Execução concluída;;2021-10-28;-
DC-002/2022;Execução concluída;;2022-12-24;-
DM-22.008/2020;Execução concluída;;2021-03-31;-
PRC-29.007/2017-B;Execução concluída;;2022-07-31;-
DM-22.007/2020;Execução concluída;;2021-03-31;-
DM-22.006/2019-B;Execução concluída;;2022-09-30;-
DM-012/2021;Execução concluída;;2022-10-14;-
DM-004/2021;Execução concluída;;2023-02-04;-
PRC-22.043/2017-C;Execução concluída;;2022-05-31;-
PRC-22.025/2017-D;Execução concluída;;2023-02-28;-
PRC-22.039/2017-B;Execução concluída;;2020-12-27;-
PRC-22.031/2017-D;Execução concluída;;2022-11-30;-
PRC-22.040/2017-D;Execução concluída;;2022-12-28;-
PRC-22.033/2017-D;Execução concluída;;2022-12-20;-
PRC-22.034/2017-D;Execução concluída;;2022-12-20;-
DM-22.011/2020;Execução concluída;;2021-04-06;-
PRC-22.026/2017-C;Execução concluída;;2022-02-18;-
DM-003/2022;Execução concluída;;2023-05-08;-
DM-22.008/2020-A;Execução concluída;;2022-03-31;-
DM-041/2022;Execução concluída;;2023-04-30;-
PRC-22.018/2017-D;Execução concluída;;2022-10-01;-
PRC-22.038/2017-B;Execução concluída;;2021-05-31;-
DM-22.003/2020-A;Execução concluída;;2022-03-17;-
PRC-22.029/2017-C;Execução concluída;;2022-01-31;-
PRC-22.017/2018-B;Execução concluída;;2021-06-30;-
DM-007/2022;Execução concluída;;2022-07-09;-
DM-22.012/2020-A;Execução concluída;;2022-03-23;-
DI-22.001/2020;Execução concluída;;2022-12-30;-
DC-22.015/2020;Execução concluída;;2021-12-30;-
PRC-22.041/2017-C;Execução concluída;;2022-01-31;-
DM-010/2022;Execução concluída;;2023-06-30;-
PRC-22.043/2017-B;Execução concluída;;2021-05-31;-
PRC-22.037/2017-C;Execução concluída;;2022-02-28;-
PRC-22.004/2018-C;Execução concluída;;2022-05-31;-
DM-009/2021;Execução concluída;;2022-08-31;-
DM-017/2021;Execução concluída;;2022-04-02;-
PRC-22.022/2017-D;Execução concluída;;2022-10-31;-
PRC-29.012/2016-D;Execução concluída;;2021-07-11;-
PRC-22.025/2017-C;Execução concluída;;2022-02-28;-
DM-008/2022;Execução concluída;;2022-07-23;-
DM-011/2021;Execução concluída;;2022-08-31;-
DC-013/2021;Execução concluída;;2023-01-29;-
PRC-22.035/2017-D;Execução concluída;;2023-02-28;-
PRC-22.041/2017-D;Execução concluída;;2023-01-31;-
DM-005/2021;Execução concluída;;2023-05-18;-
DM-22.004/2020;Execução concluída;;2021-03-18;-
PRC-22.041/2017-B;Execução concluída;;2021-01-31;-
PRC-22.023/2018-B;Execução concluída;;2021-07-12;-
DM-021/2022;Execução concluída;;2022-09-30;-
DM-006/2021;Execução concluída;;2022-03-31;-
DM-001/2022;Execução concluída;;2023-05-25;-
DM-22.005/2020;Execução concluída;;2021-04-05;-
PRC-22.017/2017-C;Execução concluída;;2021-10-01;-
DM-22.009/2020-A;Execução concluída;;2022-04-05;-
PRC-22.024/2018-A;Execução concluída;;2020-10-28;-
DM-22.010/2019-B;Execução concluída;;2023-01-26;-
PRC-22.022/2017-C;Execução concluída;;2021-10-31;-
DC-22.016/2020;Rescindido;Caso Fortuito ou Força Maior;2021-01-19;-
DC-021/2022;Rescindido;Caso Fortuito ou Força Maior;2024-06-04;-
DC-020/2022;Rescindido;Problemas relacionados à contratada;2023-12-27;-
DC-005/2022;Rescindido;Problemas relacionados à contratada;2023-02-16;-
DP-012/2023;Rescindido;Outros tipos de paralisação;2023-04-28;-
DC-003/2021;Rescindido;Caso Fortuito ou Força Maior;2022-03-16;-
DC-006/2022;Rescindido;Outros tipos de paralisação;2025-08-14;-
DC-016/2021;Rescindido;Caso Fortuito ou Força Maior;2023-02-20;-
DC-001/2022;Rescindido;Caso Fortuito ou Força Maior;2026-01-09;-
DC-011/2024;Rescindido;Caso Fortuito ou Força Maior;2026-01-09;-
DC-018/2022;Rescindido;Caso Fortuito ou Força Maior;2026-03-30;-
DC-009/2022;Rescindido;Questões técnicas que vieram a ser conhecidas somente após a licitação;2023-06-23;-
DC-012/2021;Rescindido;Caso Fortuito ou Força Maior;2022-07-01;-
DC-010/2021;Rescindido;Caso Fortuito ou Força Maior;2022-04-19;-
DM-016/2022;Rescindido;Outros tipos de paralisação;2023-05-23;-
DC-011/2021;Rescindido;Problemas relacionados à contratada;2022-05-09;-
DM-9445782/2024;A Iniciar;;2024-12-16;-
DF/GTIC-9444079;A Iniciar;;2024-12-02;-
DM-9445784/2024;A Iniciar;;2024-12-16;-
DM-030/2023-A;A Iniciar;;2024-12-29;-
DC-9445592/2024;A Iniciar;;2024-12-04;-
DER-30.014/2025;A Iniciar;;2025-04-04;-
DM-015/2023;A Iniciar;;2023-09-14;-
DM-014/2023;A Iniciar;;2023-09-14;-
DM-023/2023;A Iniciar;;2023-12-28;-
DM-005/2024;A Iniciar;;2024-03-14;-
DP-012/2023;A Iniciar;;2023-04-27;-
DC-017/2023;A Iniciar;;2023-12-19;-
DM-021/2023;A Iniciar;;2023-11-08;-
DC-007/2024;A Iniciar;;2024-04-15;-
DC-012/2023;A Iniciar;;2023-08-17;-
DG/AMA-009436677/2024;A Iniciar;;2024-08-20;-
DC-9473951/2025;A Iniciar;;2025-08-11;-
DM-017/2023;A Iniciar;;2023-10-27;-
DP-008/2023;A Iniciar;;2023-04-27;-
DC-019/2023;A Iniciar;;2023-12-22;-
DM-022/2023;A Iniciar;;2023-12-22;-
DM-019/2024;A Iniciar;;2024-04-26;-
DM-010/2023;A Iniciar;;2023-08-23;-
DM-011/2023;A Iniciar;;2023-08-23;-
DM-009/2023;A Iniciar;;2023-08-23;-
DM-016/2024;A Iniciar;;2024-04-25;-
DC-9497471/2026;A Iniciar;;2026-03-24;-
DC-9498666/2026;A Iniciar;;2026-03-20;-
DM-9497685/2026;A Iniciar;;2026-03-31;-
DC-9496643/2026;A Iniciar;;2026-03-17;-
DC-9493529/2026;A Iniciar;;2026-02-13;-
DC-9495596/2026;A Iniciar;;2026-03-10;-
009482014/2025;A Iniciar;;2025-11-17;-
DM-9471880/2025;A Iniciar;;2025-07-22;-
PRC-22.024/2018-E;A Iniciar;;2023-10-28;-
DP-014/2023;A Iniciar;;2023-05-09;-
DC-9445587/2024;A Iniciar;;2024-12-20;-
DC-9447109/2024;A Iniciar;;2024-12-26;-
DM-9459013/2025;A Iniciar;;2025-04-09;-
DM-9471834/2025;A Iniciar;;2025-07-22;-
DPEI-9470151;A Iniciar;;2025-07-04;-
DM-9474704/2025;A Iniciar;;2025-09-16;-
DPEI-9478941/2025;A Iniciar;;2025-09-30;-
DM-008/2023;A Iniciar;;2023-08-23;-
DM-020/2023;A Iniciar;;2023-10-27;-
DM-002/2024;A Iniciar;;2024-02-10;-
DM-018/2024;A Iniciar;;2024-04-24;-
DM-014/2024;A Iniciar;;2024-04-24;-
DPEI-9447985;A Iniciar;;2025-02-05;-
DM-9471835/2025;A Iniciar;;2025-07-17;-
DM-9485592/2025;A Iniciar;;2025-12-23;-
DM-9485591/2025;A Iniciar;;2025-12-23;-
DM-22.010/2019-D;A Iniciar;;2024-01-27;-
DC-022/2023;A Iniciar;;2024-01-09;-
DC-9447760/2025;A Iniciar;;2025-02-04;-
DC-9447761/2025;A Iniciar;;2025-02-04;-
DM-9471832/2025;A Iniciar;;2025-07-15;-
DC-9468321/2025;A Iniciar;;2025-05-21;-
DC-9471605/2025;A Iniciar;;2025-07-08;-
DC-9470224/2025;A Iniciar;;2025-06-16;-
DC-9473949/2025;A Iniciar;;2025-08-07;-
DC-009473175/2025;A Iniciar;;2025-08-14;-
DC-016/2023;A Iniciar;;2023-11-17;-
DC-015/2023;A Iniciar;;2023-11-10;-
DM-030/2023;A Iniciar;;2023-12-28;-
DC-9444080/2024;A Iniciar;;2024-11-28;-
DM-017/2024;A Iniciar;;2024-04-30;-
DM-015/2024;A Iniciar;;2024-04-30;-
DC-010/2024;A Iniciar;;2024-04-26;-
DC-9441355/2024 ;A Iniciar;;2024-11-22;-
DC-9441306/2024;A Iniciar;;2024-11-07;-
DPEI-9446143;A Iniciar;;2024-12-19;-
DM-9452477/2025;A Iniciar;;2025-02-27;-
DM-9492723/2025;A Iniciar;;2026-01-06;-
DC-9492065/2025;A Iniciar;;2025-12-26;-
DC-9479677/2025;A Iniciar;;2025-10-08;-
DP-001/2023;A Iniciar;;2023-08-28;-
DM-9454417/2025;A Iniciar;;2025-03-08;-
DM-9440654/2024;A Iniciar;;2024-10-17;-
DM-9440650/2024;A Iniciar;;2024-10-17;-
DM-9440662/2024;A Iniciar;;2024-10-17;-
DM-9471881/2025;A Iniciar;;2025-07-28;-
DM-9471879/2025;A Iniciar;;2025-07-28;-
DM-22.006/2019-D;A Iniciar;;2023-10-01;-
DM-9445821/2024;A Iniciar;;2024-12-17;-
AMA-9447965/2025;A Iniciar;;2025-02-12;-
DPEI-9470883;A Iniciar;;2025-07-15;-
DPEI-9480550/2025;A Iniciar;;2025-09-01;-
DM-018/2023;A Iniciar;;2023-10-27;-
DM-028/2023;A Iniciar;;2024-01-04;-
DM-003/2024;A Iniciar;;2024-02-23;-
DM-9453530;A Iniciar;;2025-03-08;-
DM-9493180/2026;A Iniciar;;2026-01-22;-
DM-9493202/2026;A Iniciar;;2026-02-05;-
DM-9493137/2026;A Iniciar;;2026-02-05;-
DC-9493122/2026;A Iniciar;;2026-01-21;-
DM-019/2023;A Iniciar;;2023-10-27;-
DC-018/2023;A Iniciar;;2023-12-26;-
DM-22.003/2020-D;A Iniciar;;2024-03-01;-
DC-005/2024;A Iniciar;;2024-04-05;-
DC-9478759/2025;A Iniciar;;2025-09-22;-
DC-9481581/2025;A Iniciar;;2025-10-31;-
DC-9491012/2025;A Iniciar;;2025-12-26;-
DC-9492083/2025;A Iniciar;;2025-12-26;-
DC-9492718/2025;A Iniciar;;2026-01-02;-
DC-9491013/2025;A Iniciar;;2025-12-24;-
DC-9492715/2025;A Iniciar;;2026-01-21;-
9447045/2024-A;A Iniciar;;2026-01-01;-
9447043/2024-A;A Iniciar;;2026-01-01;-
DC-011R/2024;A Iniciar;;2026-02-11;-
DC-020/2023;A Iniciar;;2023-12-30;-
DM-9440657/2024;A Iniciar;;2024-10-16;-
DC-9472752/2025;A Iniciar;;2025-08-05;-
DPEI-006/2024;A Iniciar;;2024-03-19;-
DPEI-030/2023;A Iniciar;;2023-11-17;-
DPEI-005/2024;A Iniciar;;2024-03-08;-
DM-011/2024;A Iniciar;;2024-04-06;-
DPEI-003/2024;A Iniciar;;2024-03-26;-
DPEI-007/2024;A Iniciar;;2024-03-16;-
DPEI-004/2024;A Iniciar;;2024-03-19;-
DPEI-002/2024;A Iniciar;;2024-03-12;-
DM-9440647/2024;A Iniciar;;2024-10-21;-
DM-9440658/2024;A Iniciar;;2024-10-21;-
9439923;A Iniciar;;2024-10-12;-
DM-9440649/2024;A Iniciar;;2024-10-16;-
DM-9440655/2024;A Iniciar;;2024-10-18;-
DM-9440661/2024;A Iniciar;;2024-10-21;-
DM-9440653/2024;A Iniciar;;2024-10-18;-
DC-9439921/2024;A Iniciar;;2024-10-08;-
DC-9448965/2025;A Iniciar;;2025-02-04;-
DC-9453556/2025;A Iniciar;;2025-03-01;-
DPEI-9447050;A Iniciar;;2024-12-26;-
DM-9473163/2025;A Iniciar;;2025-08-07;-
DM-9471830/2025;A Iniciar;;2025-08-07;-
DM-9473312/2025;A Iniciar;;2025-08-08;-
DM-001/2024;A Iniciar;;2024-02-02;-
DM-22.005/2020-D;A Iniciar;;2024-04-06;-
DM-22.011/2020-D;A Iniciar;;2024-04-07;-
DM-22.007/2020-D;A Iniciar;;2024-04-01;-
DM-22.004/2020-D;A Iniciar;;2024-03-19;-
DM-22.008/2020-D;A Iniciar;;2024-04-01;-
DM-008/2024;A Iniciar;;2024-04-09;-
DM-007/2024;A Iniciar;;2024-04-09;-
DM-009/2024;A Iniciar;;2024-04-10;-
DM-012/2024;A Iniciar;;2024-04-10;-
DC-9445668/2024;A Iniciar;;2024-12-09;-
9473911/2024;A Iniciar;;2025-08-25;-
DM-027/2023;A Iniciar;;2023-12-22;-
DM-026/2023;A Iniciar;;2023-12-22;-
DM-031/2023;A Iniciar;;2024-01-06;-
DM-032/2023;A Iniciar;;2024-02-02;-
DC-008/2024;A Iniciar;;2024-05-07;-
DM-029/2023;A Iniciar;;2023-12-28;-
DM-025/2023;A Iniciar;;2023-12-28;-
DC-004/2024;A Iniciar;;2024-03-14;-
DC-003/2024;A Iniciar;;2024-03-14;-
DC-002/2024;A Iniciar;;2024-03-14;-
DM-012/2023;A Iniciar;;2023-09-06;-
AMA-9445113/2024;A Iniciar;;2024-11-28;-
DP-015/2023;A Iniciar;;2023-04-27;-
DC-001/2024;A Iniciar;;2024-03-05;-
DM-006/2024;A Iniciar;;2024-03-14;-
DC-011/2024;A Iniciar;;2024-08-08;-
PRC-24.001/2019-ANO 6;A Iniciar;;2024-10-16;-
DM-007/2023;A Iniciar;;2023-09-20;-
DP-023/2023;A Iniciar;;2023-09-02;-
DM-004/2024;A Iniciar;;2024-03-02;-
DM-013/2024;A Iniciar;;2024-04-17;-
DM-020/2024;A Iniciar;;2024-05-14;-
DM-022/2024;A Iniciar;;2024-05-15;-
DM-9437231;A Iniciar;;2024-09-03;-
DM-9447057/2024;A Iniciar;;2024-12-26;-
DM-9447456/2024;A Iniciar;;2025-01-14;-
PRC-24.001/2019-ANO 5;A Iniciar;;2023-10-16;-
DPEI - 028/2023;A Iniciar;;2023-09-01;-
DM-9445781/2024;A Iniciar;;2024-12-12;-
AMA-9458828/2025;A Iniciar;;2025-03-31;-
DC-9459023/2025;A Iniciar;;2025-04-05;-
DC-9459021/2025;A Iniciar;;2025-04-05;-
DC-9459022/2025;A Iniciar;;2025-04-05;-
DC-9458861/2025;A Iniciar;;2025-03-30;-
DC-9458476/2025;A Iniciar;;2025-03-26;-
DC-9445950/2024;A Iniciar;;2024-12-18;-
DC-9445591/2024;A Iniciar;;2024-12-04;-
AMA-9461425/2025;A Iniciar;;2025-05-12;-
DC-013/2023;A Iniciar;;2023-09-11;-
DM-016/2023;A Iniciar;;2023-09-14;-
DM-013/2023;A Iniciar;;2023-11-29;-
DPEI-031/2023;A Iniciar;;2023-10-20;-
DM-010/2024;A Iniciar;;2024-04-05;-
DPEI-001/2024;A Iniciar;;2024-03-12;-
DC-9439838/2024;A Iniciar;;2024-09-26;-
DC-014/2021;A Iniciar;;2021-10-27;-
DM-22.005/2020-B;A Iniciar;;2021-04-06;-
PRC-22.024/2018-D;A Iniciar;;2021-10-19;-
PRC-22.042/2017-E;A Iniciar;;2022-12-01;-
PRC-22.038/2012;A Iniciar;;2012-10-19;-
DM-033/2022;A Iniciar;;2022-10-06;-
PRC-22.038/2017-E;A Iniciar;;2022-05-10;-
PRC-24.017/2018;A Iniciar;;2018-10-02;-
ATA RP-LOTE 1;A Iniciar;;2023-03-07;-
DM-012/2021;A Iniciar;;2021-09-22;-
PRC-22.037/2017-C;A Iniciar;;2020-02-28;-
DM 014/2021;A Iniciar;;2021-09-09;-
PRC-22.090/2013-DO 2;A Iniciar;;2013-11-23;-
DM-029/2022;A Iniciar;;2022-08-31;-
PRC-22.024/2013;A Iniciar;;2013-03-05;-
PRC-24.010/2013;A Iniciar;;2013-04-10;-
PRC-29.010/2010-D;A Iniciar;;2014-06-07;-
PRC-22.034/2017-C;A Iniciar;;2019-12-20;-
DOV-002/2021;A Iniciar;;2021-08-26;-
DM-22.003/2020-B;A Iniciar;;2021-03-18;-
PRC-22.027/2017-E;A Iniciar;;2022-03-15;-
ATA RP-LOTE 4;A Iniciar;;2023-01-09;-
DM-009/2022-A;A Iniciar;;2022-03-31;-
DM-22.011/2020-C;A Iniciar;;2022-04-05;-
DP-004/2023;A Iniciar;;2023-03-28;-
DC-009/2023;A Iniciar;;2023-05-12;-
DC-010/2023;A Iniciar;;2023-05-18;-
DP-010/2023;A Iniciar;;2023-04-24;-
PRC-22.023/2018-E;A Iniciar;;2022-06-23;-
DP-009/2023;A Iniciar;;2023-04-26;-
DM-004/2023;A Iniciar;;2023-07-14;-
DP-005/2023;A Iniciar;;2023-03-29;-
DM-006/2023;A Iniciar;;2023-07-25;-
DP-016/2023;A Iniciar;;2023-04-26;-
PRC-22.031/2017-E;A Iniciar;;2021-11-23;-
DM-025/2022;A Iniciar;;2022-11-07;-
PRC-22.039/2017-C;A Iniciar;;2019-12-27;-
PRC-22.004/2018-C;A Iniciar;;2020-05-29;-
DC-012/2021;A Iniciar;;2021-09-10;-
PRC-22.039/2017-D;A Iniciar;;2020-12-28;-
DM-023/2022;A Iniciar;;2022-06-14;-
DC-022/2022;A Iniciar;;2022-11-04;-
DM-22.008/2020-C;A Iniciar;;2022-03-31;-
DM-013/2021;A Iniciar;;2021-09-22;-
DC-012/2022;A Iniciar;;2022-05-03;-
DC-013/2021;A Iniciar;;2021-09-15;-
PRC-22.017/2018-D;A Iniciar;;2021-06-23;-
DP-017/2023;A Iniciar;;2023-04-26;-
DM-007/2021;A Iniciar;;2021-08-20;-
DC-015/2021;A Iniciar;;2021-10-22;-
DM-22.007/2020-A;A Iniciar;;2020-03-17;-
DM-008/2021;A Iniciar;;2021-08-16;-
DM-033/2021;A Iniciar;;2021-11-05;-
PRC-22.017/2018-B;A Iniciar;;2019-06-27;-
PRC-22.022/2017-C;A Iniciar;;2019-10-16;-
PRC-29.007/2017-B;A Iniciar;;2019-03-29;-
PRC-22.039/2017-B;A Iniciar;;2018-12-19;-
PRC-22.037/2017-B;A Iniciar;;2019-02-27;-
PRC-22.030/2017-B;A Iniciar;;2019-02-27;-
DM-019/2022;A Iniciar;;2022-04-20;-
PRC-22.017/2017-C;A Iniciar;;2019-10-01;-
DM-22.008/2020-A;A Iniciar;;2020-03-17;-
DC-008/2021;A Iniciar;;2021-06-30;-
PRC-24.004/2019;A Iniciar;;2019-10-18;-
DM-004/2021;A Iniciar;;2021-08-09;-
DM-22.006/2019-B;A Iniciar;;2020-09-25;-
DC-005/2022;A Iniciar;;2022-02-22;-
DC-008/2022;A Iniciar;;2022-04-19;-
PRC-22.016/2018-D;A Iniciar;;2021-07-16;-
DC-017/2022;A Iniciar;;2022-06-24;-
PRC-22.023/2018-D;A Iniciar;;2021-06-23;-
DOV-002/2022;A Iniciar;;2022-07-29;-
DM-034/2022;A Iniciar;;2022-10-06;-
DM-041/2022;A Iniciar;;2023-01-17;-
DC-013/2022;A Iniciar;;2022-05-06;-
DF-012/2021-A;A Iniciar;;2023-02-13;-
DP-006/2023;A Iniciar;;2023-04-19;-
PRC-22.042/2017-C;A Iniciar;;2019-12-27;-
PRC-22.033/2017-C;A Iniciar;;2019-12-20;-
DM-22.012/2020-A;A Iniciar;;2020-03-18;-
PRC-22.029/2017-C;A Iniciar;;2020-01-30;-
PRC-22.025/2017-C;A Iniciar;;2020-02-28;-
ATA RP-LOTE 6;A Iniciar;;2023-01-09;-
PRC-22.016/2018-E;A Iniciar;;2022-06-23;-
PRC-22.026/2017-C;A Iniciar;;2020-02-17;-
PRC-22.023/2018-C;A Iniciar;;2020-07-10;-
DM-22.010/2020-C;A Iniciar;;2022-07-25;-
PRC-22.022/2017-E;A Iniciar;;2021-10-19;-
DC-023/2022;A Iniciar;;2022-11-04;-
PRC-24.001/2019-ANO 4;A Iniciar;;2019-10-09;-
DM-039/2022;A Iniciar;;2022-12-05;-
PRC-22.034/2017-E;A Iniciar;;2021-12-01;-
DC-024/2022;A Iniciar;;2022-10-27;-
DP-004/2022;A Iniciar;;2017-07-26;-
DC-027/2022;A Iniciar;;2023-02-02;-
DC-021/2022;A Iniciar;;2022-09-16;-
PRC-22.037/2017-E;A Iniciar;;2022-02-11;-
PRC-22.028/2017-E;A Iniciar;;2022-02-21;-
PRC-22.025/2017-E;A Iniciar;;2022-02-11;-
DC-005/2023;A Iniciar;;2023-03-03;-
DM-22.012/2020-C;A Iniciar;;2022-03-10;-
ATA RP-LOTE 2;A Iniciar;;2023-01-09;-
DM-22.010/2019-B;A Iniciar;;2021-01-26;-
DM-001/2022;A Iniciar;;2022-02-03;-
DM-001/2023;A Iniciar;;2023-01-24;-
DM-003/2023;A Iniciar;;2023-07-14;-
PRC-22.035/2017-D;A Iniciar;;2021-02-26;-
DC-002/2022;A Iniciar;;2022-02-03;-
DM-005/2022;A Iniciar;;2022-02-22;-
DM-008/2022;A Iniciar;;2022-02-22;-
PRC-22.016/2018-C;A Iniciar;;2020-07-31;-
PRC-22.018/2017-D;A Iniciar;;2020-10-01;-
DC-019/2021;A Iniciar;;2021-11-05;-
PRC-22.031/2017-D;A Iniciar;;2020-11-30;-
ASG-002/2021;A Iniciar;;2021-12-01;-
DC-003/2023;A Iniciar;;2023-02-10;-
DP-011/2023;A Iniciar;;2023-04-24;-
PRC-22.041/2017-C;A Iniciar;;2020-01-29;-
DM-22.004/2020-B;A Iniciar;;2021-03-19;-
DM-22.008/2020-B;A Iniciar;;2021-04-01;-
DM-22.007/2020-B;A Iniciar;;2021-04-01;-
DM-016/2022;A Iniciar;;2022-04-19;-
DM-22.009/2020-B;A Iniciar;;2021-04-06;-
DM-013/2022;A Iniciar;;2022-04-18;-
DM-015/2022;A Iniciar;;2022-04-19;-
DM-011/2022;A Iniciar;;2022-04-20;-
PRC-22.013/2018-D;A Iniciar;;2021-05-31;-
DC-010/2022;A Iniciar;;2022-05-02;-
PRC-22.004/2018-D;A Iniciar;;2021-05-31;-
DP-001/2022;A Iniciar;;2017-07-26;-
DM-024/2022;A Iniciar;;2022-06-20;-
DC-001/2022;A Iniciar;;2022-04-01;-
DC-006/2022;A Iniciar;;2022-04-18;-
DC-014/2022;A Iniciar;;2022-05-20;-
DC-018/2022;A Iniciar;;2022-07-20;-
DM-028/2022;A Iniciar;;2022-08-02;-
DC-020/2022;A Iniciar;;2022-08-01;-
DOV-001/2022;A Iniciar;;2022-07-27;-
DP-003/2022;A Iniciar;;2017-07-26;-
PRC-22.015/2017-E;A Iniciar;;2021-08-18;-
DM-031/2022;A Iniciar;;2022-08-30;-
DM-032/2022;A Iniciar;;2022-09-26;-
PRC-22.020/2017-E;A Iniciar;;2021-09-29;-
PRC-22.032/2017-C;A Iniciar;;2019-12-19;-
PRC-22.030/2017-C;A Iniciar;;2020-02-28;-
DM-025/2021;A Iniciar;;2021-10-22;-
DM-22.011/2020-B;A Iniciar;;2021-04-07;-
PRC-22.026/2017-E;A Iniciar;;2022-02-08;-
DM-22.003/2020-C;A Iniciar;;2022-03-03;-
DP-002/2022;A Iniciar;;2022-06-03;-
DM-010/2021;A Iniciar;;2021-09-14;-
DC-007/2021;A Iniciar;;2021-05-18;-
DM-026/2022;A Iniciar;;2022-06-22;-
DM-005/2023;A Iniciar;;2023-07-14;-
PRC-22.040/2017-C;A Iniciar;;2019-12-27;-
DM-001/2021;A Iniciar;;2021-02-05;-
DC-007/2023;A Iniciar;;2023-05-03;-
DM-034/2021;A Iniciar;;2021-12-27;-
PRC-22.018/2017-E;A Iniciar;;2021-09-29;-
DC-002/2021;A Iniciar;;2021-03-09;-
DM-22.004/2020-A;A Iniciar;;2020-03-11;-
DM-22.005/2020-A;A Iniciar;;2020-03-19;-
PRC-22.027/2017-C;A Iniciar;;2020-04-01;-
DP-24.007/2020;A Iniciar;;2020-12-09;-
PRC-29.008/2017-A;A Iniciar;;2017-03-17;-
PRC-22.043/2017-C;A Iniciar;;2020-05-29;-
PRC-22.017/2018-C;A Iniciar;;2020-06-30;-
DM-005/2021;A Iniciar;;2021-08-11;-
DC-011/2021;A Iniciar;;2021-08-10;-
DOV-001/2021;A Iniciar;;2021-08-26;-
ASG-001/2021;A Iniciar;;2021-08-03;-
DOV-003/2021;A Iniciar;;2021-08-26;-
DOV-004/2021;A Iniciar;;2021-08-26;-
DM-011/2021;A Iniciar;;2021-09-22;-
DP-003/2021;A Iniciar;;2021-09-23;-
DM - 024/2021;A Iniciar;;2021-10-20;-
DM-017/2021;A Iniciar;;2021-10-27;-
DM-030/2021;A Iniciar;;2021-10-26;-
DM-031/2021;A Iniciar;;2021-10-28;-
DM-035/2021;A Iniciar;;2021-12-06;-
PRC-22.033/2017-D;A Iniciar;;2020-12-18;-
PRC-22.042/2017-D;A Iniciar;;2020-12-28;-
DC-021/2021;A Iniciar;;2021-12-15;-
PRC-22.040/2017-D;A Iniciar;;2020-12-28;-
PRC-22.041/2017-D;A Iniciar;;2021-01-28;-
DM-002/2022;A Iniciar;;2022-02-03;-
DC-003/2021;A Iniciar;;2021-05-13;-
DC-016/2022;A Iniciar;;2022-06-15;-
DM-038/2022;A Iniciar;;2022-10-24;-
DP-003/2023;A Iniciar;;2023-02-10;-
DC-020/2021;A Iniciar;;2021-12-03;-
PRC-22.025/2017-D;A Iniciar;;2021-02-26;-
DM-22.010/2020-B;A Iniciar;;2021-07-27;-
DM-018/2021;A Iniciar;;2021-10-26;-
DM-006/2022;A Iniciar;;2022-02-22;-
PRC-22.029/2017-E;A Iniciar;;2022-01-27;-
DC-018/2021;A Iniciar;;2021-10-06;-
DC-004/2022;A Iniciar;;2022-02-21;-
PRC-22.033/2017-E;A Iniciar;;2021-12-01;-
DOV-004/2022;A Iniciar;;2022-07-28;-
DC-025/2022;A Iniciar;;2022-11-23;-
PRC-22.043/2017-E;A Iniciar;;2022-05-10;-
PRC-22.017/2018-E;A Iniciar;;2022-06-07;-
DC-010/2021;A Iniciar;;2021-08-20;-
DM-035/2022;A Iniciar;;2022-10-24;-
PRC-22.015/2017-D;A Iniciar;;2020-08-28;-
DM-009/2021;A Iniciar;;2021-08-25;-
PRC-22.024/2018-C;A Iniciar;;2020-10-27;-
DC-001/2023;A Iniciar;;2023-02-09;-
PRC-22.035/2017-C;A Iniciar;;2020-02-28;-
DM-22.011/2020-A;A Iniciar;;2020-03-19;-
DM-22.007/2020-C;A Iniciar;;2022-03-31;-
DP-018/2023;A Iniciar;;2023-04-26;-
PRC-22.032/2017-D;A Iniciar;;2020-12-18;-
DM-22.006/2019-C;A Iniciar;;2021-09-29;-
DM-014/2022;A Iniciar;;2022-04-19;-
DM-002/2023;A Iniciar;;2023-03-14;-
PRC-22.013/2018-E;A Iniciar;;2022-05-10;-
PRC-22.040/2017-E;A Iniciar;;2022-12-01;-
PRC-22.030/2017-E;A Iniciar;;2022-02-11;-
DM-030/2022;A Iniciar;;2022-08-30;-
DC-009/2021;A Iniciar;;2021-07-29;-
PRC-22.017/2017-E;A Iniciar;;2021-09-29;-
ASG-003/2021;A Iniciar;;2021-12-29;-
DM-22.009/2020-A;A Iniciar;;2020-03-18;-
DC-017/2021;A Iniciar;;2021-09-29;-
ATA RP-LOTE 5;A Iniciar;;2023-01-09;-
PRC-22.043/2017-D;A Iniciar;;2021-05-31;-
DM-022/2022;A Iniciar;;2022-05-02;-
DM-22.004/2020-C;A Iniciar;;2022-03-03;-
DP-002/2021;A Iniciar;;2021-01-19;-
DM-009/2022;A Iniciar;;2022-03-31;-
DM-040/2022;A Iniciar;;2022-12-27;-
DM-010/2022;A Iniciar;;2022-04-05;-
ATA RP-LOTE 3;A Iniciar;;2023-01-09;-
DM-023/2021;A Iniciar;;2021-10-01;-
DM-004/2022;A Iniciar;;2022-03-03;-
DM-029/2021;A Iniciar;;2021-10-26;-
DM-22.012/2020-B;A Iniciar;;2021-03-24;-
PRC-22.026/2017-D;A Iniciar;;2021-02-12;-
DM-22.003/2020-A;A Iniciar;;2020-03-05;-
PRC-22.030/2017-D;A Iniciar;;2021-02-25;-
PRC-22.035/2017-E;A Iniciar;;2022-02-11;-
DC-003/2022;A Iniciar;;2022-02-03;-
DC-006/2021;A Iniciar;;2021-05-18;-
PRC-22.038/2017-C;A Iniciar;;2020-05-29;-
DP-013/2023;A Iniciar;;2023-04-26;-
PRC-22.028/2017-D;A Iniciar;;2021-02-26;-
DM-22.006/2020-A;A Iniciar;;2020-03-10;-
PRC-22.027/2017-D;A Iniciar;;2021-04-01;-
DC-22.024/2020;A Iniciar;;2020-12-22;-
PRC-22.022/2017-D;A Iniciar;;2020-10-29;-
DM-017/2022;A Iniciar;;2022-04-19;-
PRC-24.010/2018-E;A Iniciar;;2022-06-23;-
DC-016/2021;A Iniciar;;2021-10-20;-
DM-021/2022;A Iniciar;;2022-04-20;-
DM-027/2022;A Iniciar;;2022-07-22;-
PRC-29.012/2016-D;A Iniciar;;2020-06-23;-
PRC-22.023/2018-B;A Iniciar;;2019-07-01;-
DM-22.010/2019-C;A Iniciar;;2023-01-24;-
DC-006/2023;A Iniciar;;2023-03-14;-
DM-028/2021;A Iniciar;;2021-11-05;-
DM-036/2022;A Iniciar;;2022-10-24;-
DC-028/2022;A Iniciar;;2023-02-27;-
PRC-22.017/2017-D;A Iniciar;;2020-10-01;-
DM-027/2021;A Iniciar;;2021-10-20;-
DC-002/2023;A Iniciar;;2023-02-15;-
DM-018/2022;A Iniciar;;2022-05-02;-
DM-020/2022;A Iniciar;;2022-04-27;-
PRC-22.038/2017-D;A Iniciar;;2021-05-31;-
DM-22.010/2019-A;A Iniciar;;2019-12-10;-
DM-006/2021;A Iniciar;;2021-08-16;-
PRC-22.004/2018-E;A Iniciar;;2022-05-10;-
PRC-22.041/2017-E;A Iniciar;;2023-01-24;-
DM-22.009/2020-C;A Iniciar;;2022-03-22;-
PRC-22.020/2017-D;A Iniciar;;2020-09-22;-
DC-015/2022;A Iniciar;;2022-05-18;-
DM-037/2022;A Iniciar;;2022-11-07;-
DM-002/2021;A Iniciar;;2021-06-25;-
PRC-22.028/2017-C;A Iniciar;;2020-02-28;-
PRC-22.019/2017-D;A Iniciar;;2020-09-25;-
DC-011/2022;A Iniciar;;2022-05-02;-
DOV-005/2022;A Iniciar;;2022-07-28;-
DP-007/2023;A Iniciar;;2023-04-26;-
PRC-22.039/2017-E;A Iniciar;;2022-12-01;-
PRC-24.010/2018-D;A Iniciar;;2021-06-25;-
PRC-22.032/2017-E;A Iniciar;;2021-11-19;-
PRC-22.029/2017-D;A Iniciar;;2021-01-29;-
DC-009/2022;A Iniciar;;2022-05-02;-
PRC-22.037/2017-D;A Iniciar;;2021-02-26;-
DM-007/2022;A Iniciar;;2022-03-07;-
DOV-003/2022;A Iniciar;;2022-07-27;-
DM-036/2021;A Iniciar;;2021-12-23;-
PRC-22.019/2017-E;A Iniciar;;2020-09-25;-
DM-22.005/2020-C;A Iniciar;;2022-04-05;-
PRC-22.013/2018-C;A Iniciar;;2020-05-29;-
DC-026/2022;A Iniciar;;2023-01-11;-
DM-003/2022;A Iniciar;;2022-02-03;-
DC-008/2023;A Iniciar;;2023-04-24;-
PRC-22.034/2017-D;A Iniciar;;2020-12-18;-
PRC-22.024/2018-B;A Iniciar;;2019-10-02;-
PRC-22.042/2017-B;A Iniciar;;2018-12-20;-
DI-22.001/2020;A Iniciar;;2020-01-13;-
DM-22.012/2020;A Iniciar;;2020-03-18;-
PRC-22.027/2017-B;A Iniciar;;2019-04-01;-
PRC-22.003/2019;A Iniciar;;2019-05-16;-
DM-22.005/2019;A Iniciar;;2019-08-21;-
DM-22.014/2020;A Iniciar;;2020-07-31;-
PRC-22.016/2018-B;A Iniciar;;2019-07-01;-
DC-22.019/2020;A Iniciar;;2020-09-01;-
DM-22.006/2019-A;A Iniciar;;2019-09-02;-
PRC-22.031/2017-C;A Iniciar;;2019-11-28;-
PRC-22.029/2017-B;A Iniciar;;2019-01-30;-
DM-22.003/2020;A Iniciar;;2020-03-05;-
DC-22.016/2020;A Iniciar;;2020-08-15;-
DC-22.015/2020;A Iniciar;;2020-08-14;-
DC-22.018/2020;A Iniciar;;2020-08-25;-
PRC-22.018/2017-C;A Iniciar;;2019-10-01;-
PRC-22.011/2018;A Iniciar;;2018-04-23;-
PRC-24.005/2018;A Iniciar;;2018-03-15;-
PRC-22.038/2017-B;A Iniciar;;2019-05-23;-
DC-22.017/2020;A Iniciar;;2020-08-19;-
DC-22.020/2020;A Iniciar;;2020-09-01;-
PRC-22.024/2018-A;A Iniciar;;2017-07-26;-
PRC-22.026/2017-B;A Iniciar;;2019-02-18;-
DM-22.005/2020;A Iniciar;;2020-03-19;-
PRC-22.013/2018-B;A Iniciar;;2019-05-24;-
PRC-22.019/2017-C;A Iniciar;;2019-10-01;-
PRC-22.004/2017;A Iniciar;;2017-04-06;-
PRC-22.035/2017-B;A Iniciar;;2019-02-27;-
DM-22.009/2020;A Iniciar;;2020-03-18;-
PRC-22.020/2017-C;A Iniciar;;2019-09-27;-
PRC-22.032/2017-B;A Iniciar;;2018-12-18;-
PRC-22.041/2017-B;A Iniciar;;2019-01-30;-
DM-22.008/2020;A Iniciar;;2020-03-17;-
DM-22.011/2020;A Iniciar;;2020-03-19;-
DC-22.013/2020;A Iniciar;;2020-07-17;-
PRC-22.015/2017-C;A Iniciar;;2018-08-20;-
PRC-22.004/2018-B;A Iniciar;;2018-02-23;-
PRC-22.043/2017-B;A Iniciar;;2019-05-23;-
PRC-22.013/2014;A Iniciar;;2014-09-23;-
DC-016/2022;Distratado;Caso Fortuito ou Força Maior;2025-10-15;-
DC-008/2021;Extinto;Outros tipos de paralisação;2022-02-27;-
DC-001/2023;Encerrado;Outros tipos de paralisação;2025-03-10;-
DC-007/2021;Encerrado;Outros tipos de paralisação;2025-08-13;-
DC-014/2021;Encerrado;Questões técnicas que vieram a ser conhecidas somente após a licitação;2023-02-24;-
DC-025/2022;Encerrado;Outros tipos de paralisação;2025-11-17;-
